Station_Event_ID,Catch_ID,Species_recorded,Scientific_Name,Taxonomic_rank,Lifestage,common_name,identifiedBy,dateIdentified,Catch_weight,Catch_weight_units,Weight_method,Catch_count,Count_method,Catch_volume,Catch_volume_units,Comments
IYS2022-TINRO-3-1-Trawl,IYS2022-TINRO-3-1-Trawl-1,NA,Aequorea sp.,genus,adult,NA,Aleksey Somov,2022-03-02T00:00:00Z,0.643,Kilograms,Total,NA,NA,NA,NA,NA
IYS2022-TINRO-3-1-Trawl,IYS2022-TINRO-3-1-Trawl-2,NA,Oncorhynchus tschawytscha,species,immature,Chinook Salmon,Aleksey Somov,2022-03-02T00:00:00Z,1.313,Kilograms,Total,1,Total,NA,NA,NA
IYS2022-TINRO-3-1-Trawl,IYS2022-TINRO-3-1-Trawl-3,NA,Oncorhynchus nerka,species,immature,Sockeye Salmon,Aleksey Somov,2022-03-02T00:00:00Z,1.431,Kilograms,Total,2,Total,NA,NA,NA
IYS2022-TINRO-3-2-Trawl,IYS2022-TINRO-3-2-Trawl-4,NA,Aequorea sp.,genus,adult,NA,Aleksey Somov,2022-03-03T00:00:00Z,0.495,Kilograms,Total,NA,NA,NA,NA,NA
IYS2022-TINRO-3-2-Trawl,IYS2022-TINRO-3-2-Trawl-5,NA,Phacellophora camtshchatica,species,adult,NA,Aleksey Somov,2022-03-03T00:00:00Z,0.336,Kilograms,Total,1,Total,NA,NA,NA
IYS2022-TINRO-3-2-Trawl,IYS2022-TINRO-3-2-Trawl-6,NA,Onychoteuthis borealijaponica,species,adult,NA,Aleksey Somov,2022-03-03T00:00:00Z,1.373,Kilograms,Total,8,Total,NA,NA,NA
IYS2022-TINRO-3-2-Trawl,IYS2022-TINRO-3-2-Trawl-7,NA,Boreoteuthis borealis,species,adult,NA,Aleksey Somov,2022-03-03T00:00:00Z,0.158,Kilograms,Total,12,Total,NA,NA,NA
IYS2022-TINRO-3-2-Trawl,IYS2022-TINRO-3-2-Trawl-8,NA,Boreoteuthis borealis,species,Juvenile,NA,Aleksey Somov,2022-03-03T00:00:00Z,0.003,Kilograms,Total,1,Total,NA,NA,NA
IYS2022-TINRO-3-2-Trawl,IYS2022-TINRO-3-2-Trawl-9,NA,Tarletonbeania crenularis,species,adult,NA,Aleksey Somov,2022-03-03T00:00:00Z,0.013,Kilograms,Total,8,Total,NA,NA,NA
IYS2022-TINRO-3-2-Trawl,IYS2022-TINRO-3-2-Trawl-10,NA,Oncorhynchus gorbuscha,species,Juvenile,Pink Salmon,Aleksey Somov,2022-03-03T00:00:00Z,0.129,Kilograms,Total,1,Total,NA,NA,NA
IYS2022-TINRO-3-2-Trawl,IYS2022-TINRO-3-2-Trawl-11,NA,Oncorhynchus kisutch,species,immature,Coho Salmon,Aleksey Somov,2022-03-03T00:00:00Z,2.158,Kilograms,Total,5,Total,NA,NA,NA
IYS2022-TINRO-3-2-Trawl,IYS2022-TINRO-3-2-Trawl-12,NA,Oncorhynchus nerka,species,immature,Sockeye Salmon,Aleksey Somov,2022-03-03T00:00:00Z,4.947,Kilograms,Total,9,Total,NA,NA,NA
IYS2022-TINRO-3-2-Trawl,IYS2022-TINRO-3-2-Trawl-13,NA,Gonatidae sp.,family,Juvenile,NA,Aleksey Somov,2022-03-03T00:00:00Z,0.007,Kilograms,Total,4,Total,NA,NA,NA
IYS2022-TINRO-3-3-Trawl,IYS2022-TINRO-3-3-Trawl-14,NA,Aequorea sp.,genus,adult,NA,Aleksey Somov,2022-03-03T00:00:00Z,0.43,Kilograms,Total,NA,NA,NA,NA,NA
IYS2022-TINRO-3-3-Trawl,IYS2022-TINRO-3-3-Trawl-15,NA,Oncorhynchus gorbuscha,species,Juvenile,Pink Salmon,Aleksey Somov,2022-03-03T00:00:00Z,0.122,Kilograms,Total,1,Total,NA,NA,NA
IYS2022-TINRO-3-3-Trawl,IYS2022-TINRO-3-3-Trawl-16,NA,Oncorhynchus keta,species,Juvenile,Chum Salmon,Aleksey Somov,2022-03-03T00:00:00Z,0.098,Kilograms,Total,1,Total,NA,NA,NA
IYS2022-TINRO-3-3-Trawl,IYS2022-TINRO-3-3-Trawl-17,NA,Oncorhynchus keta,species,immature,Chum Salmon,Aleksey Somov,2022-03-03T00:00:00Z,0.323,Kilograms,Total,1,Total,NA,NA,NA
IYS2022-TINRO-3-3-Trawl,IYS2022-TINRO-3-3-Trawl-18,NA,Oncorhynchus nerka,species,immature,Sockeye Salmon,Aleksey Somov,2022-03-03T00:00:00Z,1.53,Kilograms,Total,2,Total,NA,NA,NA
IYS2022-TINRO-3-3-Trawl,IYS2022-TINRO-3-3-Trawl-19,NA,Oncorhynchus kisutch,species,immature,Coho Salmon,Aleksey Somov,2022-03-03T00:00:00Z,0.365,Kilograms,Total,1,Total,NA,NA,NA
IYS2022-TINRO-3-4-Trawl,IYS2022-TINRO-3-4-Trawl-20,NA,Tarletonbeania crenularis,species,adult,NA,Aleksey Somov,2022-03-04T00:00:00Z,0.037,Kilograms,Total,19,Total,NA,NA,NA
IYS2022-TINRO-3-4-Trawl,IYS2022-TINRO-3-4-Trawl-21,NA,Diaphus theta,species,adult,NA,Aleksey Somov,2022-03-04T00:00:00Z,0.009,Kilograms,Total,5,Total,NA,NA,NA
IYS2022-TINRO-3-4-Trawl,IYS2022-TINRO-3-4-Trawl-22,NA,Boreoteuthis borealis,species,Juvenile,NA,Aleksey Somov,2022-03-04T00:00:00Z,0.002,Kilograms,Total,1,Total,NA,NA,NA
IYS2022-TINRO-3-4-Trawl,IYS2022-TINRO-3-4-Trawl-23,NA,Boreoteuthis borealis,species,adult,NA,Aleksey Somov,2022-03-04T00:00:00Z,0.225,Kilograms,Total,15,Total,NA,NA,NA
IYS2022-TINRO-3-4-Trawl,IYS2022-TINRO-3-4-Trawl-24,NA,Onychoteuthis borealijaponica,species,adult,NA,Aleksey Somov,2022-03-04T00:00:00Z,0.397,Kilograms,Total,2,Total,NA,NA,NA
IYS2022-TINRO-3-4-Trawl,IYS2022-TINRO-3-4-Trawl-25,NA,Chiroteuthis calyx,species,adult,NA,Aleksey Somov,2022-03-04T00:00:00Z,0.065,Kilograms,Total,2,Total,NA,NA,NA
IYS2022-TINRO-3-4-Trawl,IYS2022-TINRO-3-4-Trawl-26,NA,Phacellophora camtshchatica,species,adult,NA,Aleksey Somov,2022-03-04T00:00:00Z,3.186,Kilograms,Total,8,Total,NA,NA,NA
IYS2022-TINRO-3-4-Trawl,IYS2022-TINRO-3-4-Trawl-27,NA,Aequorea sp.,genus,adult,NA,Aleksey Somov,2022-03-04T00:00:00Z,2.416,Kilograms,Total,NA,NA,NA,NA,NA
IYS2022-TINRO-3-4-Trawl,IYS2022-TINRO-3-4-Trawl-28,NA,Oncorhynchus nerka,species,immature,Sockeye Salmon,Aleksey Somov,2022-03-04T00:00:00Z,1.933,Kilograms,Total,3,Total,NA,NA,NA
IYS2022-TINRO-3-4-Trawl,IYS2022-TINRO-3-4-Trawl-29,NA,Oncorhynchus kisutch,species,immature,Coho Salmon,Aleksey Somov,2022-03-04T00:00:00Z,1.895,Kilograms,Total,4,Total,NA,NA,NA
IYS2022-TINRO-3-4-Trawl,IYS2022-TINRO-3-4-Trawl-30,NA,Salpa aspera,species,adult,NA,Aleksey Somov,2022-03-04T00:00:00Z,60,Kilograms,Total,9982,Weight estimate,NA,NA,NA
IYS2022-TINRO-3-5-Trawl,IYS2022-TINRO-3-5-Trawl-31,NA,Aequorea sp.,genus,adult,NA,Aleksey Somov,2022-03-05T00:00:00Z,0.18,Kilograms,Total,NA,NA,NA,NA,NA
IYS2022-TINRO-3-5-Trawl,IYS2022-TINRO-3-5-Trawl-32,NA,Phacellophora camtshchatica,species,adult,NA,Aleksey Somov,2022-03-05T00:00:00Z,6.14,Kilograms,Total,6,Total,NA,NA,NA
IYS2022-TINRO-3-5-Trawl,IYS2022-TINRO-3-5-Trawl-33,NA,Tarletonbeania crenularis,species,adult,NA,Aleksey Somov,2022-03-05T00:00:00Z,0.002,Kilograms,Total,1,Total,NA,NA,NA
IYS2022-TINRO-3-5-Trawl,IYS2022-TINRO-3-5-Trawl-34,NA,Oncorhynchus kisutch,species,immature,Coho Salmon,Aleksey Somov,2022-03-05T00:00:00Z,1.427,Kilograms,Total,3,Total,NA,NA,NA
IYS2022-TINRO-3-5-Trawl,IYS2022-TINRO-3-5-Trawl-35,NA,Salpa maxima,species,adult,NA,Aleksey Somov,2022-03-05T00:00:00Z,4.14,Kilograms,Total,NA,NA,NA,NA,NA
IYS2022-TINRO-3-7-Trawl,IYS2022-TINRO-3-7-Trawl-36,NA,Salpa aspera,species,adult,NA,Aleksey Somov,2022-03-05T00:00:00Z,28,Kilograms,Total,2692,Weight estimate,NA,NA,NA
IYS2022-TINRO-3-7-Trawl,IYS2022-TINRO-3-7-Trawl-37,NA,Phacellophora camtshchatica,species,adult,NA,Aleksey Somov,2022-03-05T00:00:00Z,6.02,Kilograms,Total,3,Total,NA,NA,NA
IYS2022-TINRO-3-7-Trawl,IYS2022-TINRO-3-7-Trawl-38,NA,Onychoteuthis borealijaponica,species,adult,NA,Aleksey Somov,2022-03-05T00:00:00Z,0.454,Kilograms,Total,1,Total,NA,NA,NA
IYS2022-TINRO-3-7-Trawl,IYS2022-TINRO-3-7-Trawl-39,NA,Tarletonbeania crenularis,species,adult,NA,Aleksey Somov,2022-03-05T00:00:00Z,0.004,Kilograms,Total,2,Total,NA,NA,NA
IYS2022-TINRO-3-7-Trawl,IYS2022-TINRO-3-7-Trawl-40,NA,Stenobrachius leucopsarus,species,adult,NA,Aleksey Somov,2022-03-05T00:00:00Z,0.017,Kilograms,Total,5,Total,NA,NA,NA
IYS2022-TINRO-3-7-Trawl,IYS2022-TINRO-3-7-Trawl-41,NA,Diaphus theta,species,adult,NA,Aleksey Somov,2022-03-05T00:00:00Z,0.005,Kilograms,Total,3,Total,NA,NA,NA
IYS2022-TINRO-3-7-Trawl,IYS2022-TINRO-3-7-Trawl-42,NA,Boreoteuthis borealis,species,adult,NA,Aleksey Somov,2022-03-05T00:00:00Z,0.097,Kilograms,Total,9,Total,NA,NA,NA
IYS2022-TINRO-3-7-Trawl,IYS2022-TINRO-3-7-Trawl-43,NA,Oncorhynchus kisutch,species,immature,Coho Salmon,Aleksey Somov,2022-03-05T00:00:00Z,0.779,Kilograms,Total,1,Total,NA,NA,NA
IYS2022-TINRO-3-8-Trawl,IYS2022-TINRO-3-8-Trawl-44,NA,Aequorea sp.,genus,adult,NA,Aleksey Somov,2022-03-06T00:00:00Z,0.903,Kilograms,Total,NA,NA,NA,NA,NA
IYS2022-TINRO-3-8-Trawl,IYS2022-TINRO-3-8-Trawl-45,NA,Boreoteuthis borealis,species,adult,NA,Aleksey Somov,2022-03-06T00:00:00Z,0.03,Kilograms,Total,2,Total,NA,NA,NA
IYS2022-TINRO-3-8-Trawl,IYS2022-TINRO-3-8-Trawl-46,NA,Oncorhynchus keta,species,immature,Chum Salmon,Aleksey Somov,2022-03-06T00:00:00Z,0.308,Kilograms,Total,1,Total,NA,NA,NA
IYS2022-TINRO-3-8-Trawl,IYS2022-TINRO-3-8-Trawl-47,NA,Oncorhynchus kisutch,species,immature,Coho Salmon,Aleksey Somov,2022-03-06T00:00:00Z,0.411,Kilograms,Total,1,Total,NA,NA,NA
IYS2022-TINRO-3-9-Trawl,IYS2022-TINRO-3-9-Trawl-48,NA,Oncorhynchus keta,species,immature,Chum Salmon,Aleksey Somov,2022-03-06T00:00:00Z,0.349,Kilograms,Total,1,Total,NA,NA,NA
IYS2022-TINRO-3-9-Trawl,IYS2022-TINRO-3-9-Trawl-49,NA,Oncorhynchus gorbuscha,species,Juvenile,Pink Salmon,Aleksey Somov,2022-03-06T00:00:00Z,0.272,Kilograms,Total,2,Total,NA,NA,NA
IYS2022-TINRO-3-9-Trawl,IYS2022-TINRO-3-9-Trawl-50,NA,Oncorhynchus tschawytscha,species,immature,Chinook Salmon,Aleksey Somov,2022-03-06T00:00:00Z,2.275,Kilograms,Total,2,Total,NA,NA,NA
IYS2022-TINRO-3-9-Trawl,IYS2022-TINRO-3-9-Trawl-51,NA,Aequorea sp.,genus,adult,NA,Aleksey Somov,2022-03-06T00:00:00Z,1.508,Kilograms,Total,NA,NA,NA,NA,NA
IYS2022-TINRO-3-9-Trawl,IYS2022-TINRO-3-9-Trawl-52,NA,Phacellophora camtshchatica,species,adult,NA,Aleksey Somov,2022-03-06T00:00:00Z,4.14,Kilograms,Total,14,Total,NA,NA,NA
IYS2022-TINRO-3-9-Trawl,IYS2022-TINRO-3-9-Trawl-53,NA,Tarletonbeania crenularis,species,adult,NA,Aleksey Somov,2022-03-06T00:00:00Z,0.002,Kilograms,Total,1,Total,NA,NA,NA
IYS2022-TINRO-3-9-Trawl,IYS2022-TINRO-3-9-Trawl-54,NA,Gonatus kamtschaticus,species,adult,NA,Aleksey Somov,2022-03-06T00:00:00Z,0.076,Kilograms,Total,1,Total,NA,NA,NA
IYS2022-TINRO-3-9-Trawl,IYS2022-TINRO-3-9-Trawl-55,NA,Onychoteuthis borealijaponica,species,adult,NA,Aleksey Somov,2022-03-06T00:00:00Z,0.158,Kilograms,Total,1,Total,NA,NA,NA
IYS2022-TINRO-3-9-Trawl,IYS2022-TINRO-3-9-Trawl-56,NA,Okutania anonycha,species,adult,NA,Aleksey Somov,2022-03-06T00:00:00Z,4.244,Kilograms,Total,997,Weight estimate,NA,NA,NA
IYS2022-TINRO-3-9-Trawl,IYS2022-TINRO-3-9-Trawl-57,NA,Salpa aspera,species,adult,NA,Aleksey Somov,2022-03-06T00:00:00Z,7.795,Kilograms,Total,1772,Weight estimate,NA,NA,NA
IYS2022-TINRO-3-10-Trawl,IYS2022-TINRO-3-10-Trawl-58,NA,Oncorhynchus nerka,species,immature,Sockeye Salmon,Aleksey Somov,2022-03-07T00:00:00Z,21.636,Kilograms,Total,40,Total,NA,NA,NA
IYS2022-TINRO-3-10-Trawl,IYS2022-TINRO-3-10-Trawl-59,NA,Oncorhynchus nerka,species,Juvenile,Sockeye Salmon,Aleksey Somov,2022-03-07T00:00:00Z,1.2570000000000001,Kilograms,Total,6,Total,NA,NA,NA
IYS2022-TINRO-3-10-Trawl,IYS2022-TINRO-3-10-Trawl-60,NA,Oncorhynchus gorbuscha,species,Juvenile,Pink Salmon,Aleksey Somov,2022-03-07T00:00:00Z,0.245,Kilograms,Total,1,Total,NA,NA,NA
IYS2022-TINRO-3-10-Trawl,IYS2022-TINRO-3-10-Trawl-61,NA,Oncorhynchus kisutch,species,immature,Coho Salmon,Aleksey Somov,2022-03-07T00:00:00Z,0.844,Kilograms,Total,2,Total,NA,NA,NA
IYS2022-TINRO-3-10-Trawl,IYS2022-TINRO-3-10-Trawl-62,NA,Oncorhynchus keta,species,immature,Chum Salmon,Aleksey Somov,2022-03-07T00:00:00Z,5.243,Kilograms,Total,3,Total,NA,NA,NA
IYS2022-TINRO-3-10-Trawl,IYS2022-TINRO-3-10-Trawl-63,NA,Aequorea sp.,genus,adult,NA,Aleksey Somov,2022-03-07T00:00:00Z,5.85,Kilograms,Total,23,Weight estimate,NA,NA,NA
IYS2022-TINRO-3-10-Trawl,IYS2022-TINRO-3-10-Trawl-64,NA,Phacellophora camtshchatica,species,adult,NA,Aleksey Somov,2022-03-07T00:00:00Z,0.973,Kilograms,Total,7,Total,NA,NA,NA
IYS2022-TINRO-3-10-Trawl,IYS2022-TINRO-3-10-Trawl-65,NA,Onychoteuthis borealijaponica,species,adult,NA,Aleksey Somov,2022-03-07T00:00:00Z,0.177,Kilograms,Total,3,Total,NA,NA,NA
IYS2022-TINRO-3-10-Trawl,IYS2022-TINRO-3-10-Trawl-66,NA,Boreoteuthis borealis,species,adult,NA,Aleksey Somov,2022-03-07T00:00:00Z,0.177,Kilograms,Total,9,Total,NA,NA,NA
IYS2022-TINRO-3-10-Trawl,IYS2022-TINRO-3-10-Trawl-67,NA,Tarletonbeania crenularis,species,adult,NA,Aleksey Somov,2022-03-07T00:00:00Z,0.226,Kilograms,Total,108,Total,NA,NA,NA
IYS2022-TINRO-3-10-Trawl,IYS2022-TINRO-3-10-Trawl-68,NA,Stenobrachius leucopsarus,species,adult,NA,Aleksey Somov,2022-03-07T00:00:00Z,0.011,Kilograms,Total,7,Total,NA,NA,NA
IYS2022-TINRO-3-11-Trawl,IYS2022-TINRO-3-11-Trawl-69,NA,Aequorea sp.,genus,adult,NA,Aleksey Somov,2022-03-07T00:00:00Z,0.209,Kilograms,Total,NA,NA,NA,NA,NA
IYS2022-TINRO-3-11-Trawl,IYS2022-TINRO-3-11-Trawl-70,NA,Oncorhynchus keta,species,immature,Chum Salmon,Aleksey Somov,2022-03-07T00:00:00Z,0.457,Kilograms,Total,1,Total,NA,NA,NA
IYS2022-TINRO-3-12-Trawl,IYS2022-TINRO-3-12-Trawl-71,NA,Tarletonbeania crenularis,species,adult,NA,Aleksey Somov,2022-03-08T00:00:00Z,0.194,Kilograms,Total,128,Total,NA,NA,NA
IYS2022-TINRO-3-12-Trawl,IYS2022-TINRO-3-12-Trawl-72,NA,Phacellophora camtshchatica,species,adult,NA,Aleksey Somov,2022-03-08T00:00:00Z,6.22,Kilograms,Total,36,Total,NA,NA,NA
IYS2022-TINRO-3-12-Trawl,IYS2022-TINRO-3-12-Trawl-73,NA,Aequorea sp.,genus,adult,NA,Aleksey Somov,2022-03-08T00:00:00Z,12.98,Kilograms,Total,NA,NA,NA,NA,NA
IYS2022-TINRO-3-12-Trawl,IYS2022-TINRO-3-12-Trawl-74,NA,Chrysaora melanaster,species,adult,NA,Aleksey Somov,2022-03-08T00:00:00Z,1.545,Kilograms,Total,6,Total,NA,NA,NA
IYS2022-TINRO-3-12-Trawl,IYS2022-TINRO-3-12-Trawl-75,NA,Onychoteuthis borealijaponica,species,adult,NA,Aleksey Somov,2022-03-08T00:00:00Z,0.196,Kilograms,Total,1,Total,NA,NA,NA
IYS2022-TINRO-3-12-Trawl,IYS2022-TINRO-3-12-Trawl-76,NA,Boreoteuthis borealis,species,adult,NA,Aleksey Somov,2022-03-08T00:00:00Z,0.481,Kilograms,Total,13,Total,NA,NA,NA
IYS2022-TINRO-3-12-Trawl,IYS2022-TINRO-3-12-Trawl-77,NA,Gonatidae sp.,family,Juvenile,NA,Aleksey Somov,2022-03-08T00:00:00Z,0.017,Kilograms,Total,6,Total,NA,NA,NA
IYS2022-TINRO-3-12-Trawl,IYS2022-TINRO-3-12-Trawl-78,NA,Oncorhynchus nerka,species,immature,Sockeye Salmon,Aleksey Somov,2022-03-08T00:00:00Z,5.844,Kilograms,Total,8,Total,NA,NA,NA
IYS2022-TINRO-3-12-Trawl,IYS2022-TINRO-3-12-Trawl-79,NA,Oncorhynchus nerka,species,Juvenile,Sockeye Salmon,Aleksey Somov,2022-03-08T00:00:00Z,0.816,Kilograms,Total,4,Total,NA,NA,NA
IYS2022-TINRO-3-12-Trawl,IYS2022-TINRO-3-12-Trawl-80,NA,Oncorhynchus keta,species,immature,Chum Salmon,Aleksey Somov,2022-03-08T00:00:00Z,11.211,Kilograms,Total,10,Total,NA,NA,NA
IYS2022-TINRO-3-13-Trawl,IYS2022-TINRO-3-13-Trawl-81,NA,Aurelia aurita,species,adult,NA,Aleksey Somov,2022-03-08T00:00:00Z,0.58,Kilograms,Total,1,Total,NA,NA,NA
IYS2022-TINRO-3-13-Trawl,IYS2022-TINRO-3-13-Trawl-82,NA,Chrysaora melanaster,species,adult,NA,Aleksey Somov,2022-03-08T00:00:00Z,1.3,Kilograms,Total,8,Total,NA,NA,NA
IYS2022-TINRO-3-13-Trawl,IYS2022-TINRO-3-13-Trawl-83,NA,Phacellophora camtshchatica,species,adult,NA,Aleksey Somov,2022-03-08T00:00:00Z,8.69,Kilograms,Total,25,Total,NA,NA,NA
IYS2022-TINRO-3-13-Trawl,IYS2022-TINRO-3-13-Trawl-84,NA,Gasterosteus aculeatus,species,adult,NA,Aleksey Somov,2022-03-08T00:00:00Z,1.37,Kilograms,Total,280,Weight estimate,NA,NA,NA
IYS2022-TINRO-3-13-Trawl,IYS2022-TINRO-3-13-Trawl-85,NA,Oncorhynchus keta,species,immature,Chum Salmon,Aleksey Somov,2022-03-08T00:00:00Z,12.842,Kilograms,Total,16,Total,NA,NA,NA
IYS2022-TINRO-3-13-Trawl,IYS2022-TINRO-3-13-Trawl-86,NA,Oncorhynchus keta,species,Juvenile,Chum Salmon,Aleksey Somov,2022-03-08T00:00:00Z,0.534,Kilograms,Total,4,Total,NA,NA,NA
IYS2022-TINRO-3-13-Trawl,IYS2022-TINRO-3-13-Trawl-87,NA,Oncorhynchus nerka,species,Juvenile,Sockeye Salmon,Aleksey Somov,2022-03-08T00:00:00Z,103.999,Kilograms,Weight estimate,581,Total,NA,NA,NA
IYS2022-TINRO-3-13-Trawl,IYS2022-TINRO-3-13-Trawl-88,NA,Oncorhynchus nerka,species,immature,Sockeye Salmon,Aleksey Somov,2022-03-08T00:00:00Z,36.569,Kilograms,Total,68,Total,NA,NA,NA
IYS2022-TINRO-3-13-Trawl,IYS2022-TINRO-3-13-Trawl-89,NA,Oncorhynchus gorbuscha,species,Juvenile,Pink Salmon,Aleksey Somov,2022-03-08T00:00:00Z,1.64,Kilograms,Total,9,Total,NA,NA,NA
IYS2022-TINRO-3-13-Trawl,IYS2022-TINRO-3-13-Trawl-90,NA,Oncorhynchus gorbuscha,species,adult,Pink Salmon,Aleksey Somov,2022-03-08T00:00:00Z,0.795,Kilograms,Total,3,Total,NA,NA,NA
IYS2022-TINRO-3-14-Trawl,IYS2022-TINRO-3-14-Trawl-91,NA,Okutania anonycha,species,adult,NA,Aleksey Somov,2022-03-09T00:00:00Z,1.691,Kilograms,Total,297,Weight estimate,NA,NA,NA
IYS2022-TINRO-3-14-Trawl,IYS2022-TINRO-3-14-Trawl-92,NA,Zaprora silenus,species,adult,NA,Aleksey Somov,2022-03-09T00:00:00Z,0.092,Kilograms,Total,1,Total,NA,NA,NA
IYS2022-TINRO-3-14-Trawl,IYS2022-TINRO-3-14-Trawl-93,NA,Aequorea sp.,genus,adult,NA,Aleksey Somov,2022-03-09T00:00:00Z,15.41,Kilograms,Total,78,Weight estimate,NA,NA,NA
IYS2022-TINRO-3-14-Trawl,IYS2022-TINRO-3-14-Trawl-94,NA,Gonatus kamtschaticus,species,adult,NA,Aleksey Somov,2022-03-09T00:00:00Z,0.068,Kilograms,Total,1,Total,NA,NA,NA
IYS2022-TINRO-3-14-Trawl,IYS2022-TINRO-3-14-Trawl-95,NA,Phacellophora camtshchatica,species,adult,NA,Aleksey Somov,2022-03-09T00:00:00Z,1.049,Kilograms,Total,53,Total,NA,NA,NA
IYS2022-TINRO-3-14-Trawl,IYS2022-TINRO-3-14-Trawl-96,NA,Chrysaora melanaster,species,adult,NA,Aleksey Somov,2022-03-09T00:00:00Z,31.92,Kilograms,Total,48,Total,NA,NA,NA
IYS2022-TINRO-3-14-Trawl,IYS2022-TINRO-3-14-Trawl-97,NA,Aurelia aurita,species,adult,NA,Aleksey Somov,2022-03-09T00:00:00Z,0.136,Kilograms,Total,1,Total,NA,NA,NA
IYS2022-TINRO-3-14-Trawl,IYS2022-TINRO-3-14-Trawl-98,NA,Oncorhynchus nerka,species,Juvenile,Sockeye Salmon,Aleksey Somov,2022-03-09T00:00:00Z,0.9359999999999999,Kilograms,Total,6,Total,NA,NA,NA
IYS2022-TINRO-3-14-Trawl,IYS2022-TINRO-3-14-Trawl-99,NA,Oncorhynchus kisutch,species,immature,Coho Salmon,Aleksey Somov,2022-03-09T00:00:00Z,0.892,Kilograms,Total,2,Total,NA,NA,NA
IYS2022-TINRO-3-14-Trawl,IYS2022-TINRO-3-14-Trawl-100,NA,Oncorhynchus keta,species,immature,Chum Salmon,Aleksey Somov,2022-03-09T00:00:00Z,2.442,Kilograms,Total,2,Total,NA,NA,NA
IYS2022-TINRO-3-15-Trawl,IYS2022-TINRO-3-15-Trawl-101,NA,Aurelia aurita,species,adult,NA,Aleksey Somov,2022-03-09T00:00:00Z,0.632,Kilograms,Total,3,Total,NA,NA,NA
IYS2022-TINRO-3-15-Trawl,IYS2022-TINRO-3-15-Trawl-102,NA,Phacellophora camtshchatica,species,adult,NA,Aleksey Somov,2022-03-09T00:00:00Z,2.744,Kilograms,Total,7,Total,NA,NA,NA
IYS2022-TINRO-3-15-Trawl,IYS2022-TINRO-3-15-Trawl-103,NA,Chrysaora melanaster,species,adult,NA,Aleksey Somov,2022-03-09T00:00:00Z,38.5,Kilograms,Total,131,Weight estimate,NA,NA,NA
IYS2022-TINRO-3-15-Trawl,IYS2022-TINRO-3-15-Trawl-104,NA,Aequorea sp.,genus,adult,NA,Aleksey Somov,2022-03-09T00:00:00Z,5.62,Kilograms,Total,NA,NA,NA,NA,NA
IYS2022-TINRO-3-15-Trawl,IYS2022-TINRO-3-15-Trawl-105,NA,Okutania anonycha,species,adult,NA,Aleksey Somov,2022-03-09T00:00:00Z,0.626,Kilograms,Total,89,Weight estimate,NA,NA,NA
IYS2022-TINRO-3-15-Trawl,IYS2022-TINRO-3-15-Trawl-106,NA,Oncorhynchus nerka,species,immature,Sockeye Salmon,Aleksey Somov,2022-03-09T00:00:00Z,22.402,Kilograms,Total,21,Total,NA,NA,NA
IYS2022-TINRO-3-15-Trawl,IYS2022-TINRO-3-15-Trawl-107,NA,Oncorhynchus nerka,species,Juvenile,Sockeye Salmon,Aleksey Somov,2022-03-09T00:00:00Z,0.313,Kilograms,Total,2,Total,NA,NA,NA
IYS2022-TINRO-3-15-Trawl,IYS2022-TINRO-3-15-Trawl-108,NA,Oncorhynchus keta,species,immature,Chum Salmon,Aleksey Somov,2022-03-09T00:00:00Z,18.474,Kilograms,Total,11,Total,NA,NA,NA
IYS2022-TINRO-3-15-Trawl,IYS2022-TINRO-3-15-Trawl-109,NA,Oncorhynchus tschawytscha,species,immature,Chinook Salmon,Aleksey Somov,2022-03-09T00:00:00Z,1.494,Kilograms,Total,1,Total,NA,NA,NA
IYS2022-TINRO-3-16-Trawl,IYS2022-TINRO-3-16-Trawl-110,NA,Chrysaora melanaster,species,adult,NA,Aleksey Somov,2022-03-10T00:00:00Z,0.885,Kilograms,Total,21,Total,NA,NA,NA
IYS2022-TINRO-3-16-Trawl,IYS2022-TINRO-3-16-Trawl-111,NA,Aequorea sp.,genus,adult,NA,Aleksey Somov,2022-03-10T00:00:00Z,2.462,Kilograms,Total,20,Weight estimate,NA,NA,NA
IYS2022-TINRO-3-16-Trawl,IYS2022-TINRO-3-16-Trawl-112,NA,Gasterosteus aculeatus,species,adult,NA,Aleksey Somov,2022-03-10T00:00:00Z,0.009,Kilograms,Total,2,Total,NA,NA,NA
IYS2022-TINRO-3-16-Trawl,IYS2022-TINRO-3-16-Trawl-113,NA,Phacellophora camtshchatica,species,adult,NA,Aleksey Somov,2022-03-10T00:00:00Z,0.04,Kilograms,Total,2,Total,NA,NA,NA
IYS2022-TINRO-3-16-Trawl,IYS2022-TINRO-3-16-Trawl-114,NA,Aurelia aurita,species,adult,NA,Aleksey Somov,2022-03-10T00:00:00Z,0.075,Kilograms,Total,1,Total,NA,NA,NA
IYS2022-TINRO-3-16-Trawl,IYS2022-TINRO-3-16-Trawl-115,NA,Oncorhynchus gorbuscha,species,adult,Pink Salmon,Aleksey Somov,2022-03-10T00:00:00Z,0.22,Kilograms,Total,1,Total,NA,NA,NA
IYS2022-TINRO-3-17-Trawl,IYS2022-TINRO-3-17-Trawl-116,NA,Chrysaora melanaster,species,adult,NA,Aleksey Somov,2022-03-10T00:00:00Z,41.5,Kilograms,Total,216,Weight estimate,NA,NA,NA
IYS2022-TINRO-3-17-Trawl,IYS2022-TINRO-3-17-Trawl-117,NA,Aequorea sp.,genus,adult,NA,Aleksey Somov,2022-03-10T00:00:00Z,17.2,Kilograms,Total,NA,NA,NA,NA,NA
IYS2022-TINRO-3-17-Trawl,IYS2022-TINRO-3-17-Trawl-118,NA,Phacellophora camtshchatica,species,adult,NA,Aleksey Somov,2022-03-10T00:00:00Z,2.36,Kilograms,Total,15,Total,NA,NA,NA
IYS2022-TINRO-3-17-Trawl,IYS2022-TINRO-3-17-Trawl-119,NA,Aurelia limbata,species,adult,NA,Aleksey Somov,2022-03-10T00:00:00Z,0.278,Kilograms,Total,1,Total,NA,NA,NA
IYS2022-TINRO-3-17-Trawl,IYS2022-TINRO-3-17-Trawl-120,NA,Boreoteuthis borealis,species,Juvenile,NA,Aleksey Somov,2022-03-10T00:00:00Z,0.005,Kilograms,Total,2,Total,NA,NA,NA
IYS2022-TINRO-3-17-Trawl,IYS2022-TINRO-3-17-Trawl-121,NA,Boreoteuthis borealis,species,adult,NA,Aleksey Somov,2022-03-10T00:00:00Z,0.683,Kilograms,Total,8,Total,NA,NA,NA
IYS2022-TINRO-3-17-Trawl,IYS2022-TINRO-3-17-Trawl-122,NA,Oncorhynchus keta,species,immature,Chum Salmon,Aleksey Somov,2022-03-10T00:00:00Z,3.475,Kilograms,Total,2,Total,NA,NA,NA
IYS2022-TINRO-3-17-Trawl,IYS2022-TINRO-3-17-Trawl-123,NA,Oncorhynchus nerka,species,immature,Sockeye Salmon,Aleksey Somov,2022-03-10T00:00:00Z,10.274,Kilograms,Total,9,Total,NA,NA,NA
IYS2022-TINRO-3-17-Trawl,IYS2022-TINRO-3-17-Trawl-124,NA,Oncorhynchus nerka,species,Juvenile,Sockeye Salmon,Aleksey Somov,2022-03-10T00:00:00Z,0.172,Kilograms,Total,1,Total,NA,NA,NA
IYS2022-TINRO-3-18-Trawl,IYS2022-TINRO-3-18-Trawl-125,NA,Chrysaora melanaster,species,adult,NA,Aleksey Somov,2022-03-11T00:00:00Z,4.81,Kilograms,Total,69,Total,NA,NA,NA
IYS2022-TINRO-3-18-Trawl,IYS2022-TINRO-3-18-Trawl-126,NA,Phacellophora camtshchatica,species,adult,NA,Aleksey Somov,2022-03-11T00:00:00Z,0.695,Kilograms,Total,5,Total,NA,NA,NA
IYS2022-TINRO-3-18-Trawl,IYS2022-TINRO-3-18-Trawl-127,NA,Aequorea sp.,genus,adult,NA,Aleksey Somov,2022-03-11T00:00:00Z,1.07,Kilograms,Total,NA,NA,NA,NA,NA
IYS2022-TINRO-3-18-Trawl,IYS2022-TINRO-3-18-Trawl-128,NA,Aurelia limbata,species,adult,NA,Aleksey Somov,2022-03-11T00:00:00Z,0.11,Kilograms,Total,1,Total,NA,NA,NA
IYS2022-TINRO-3-18-Trawl,IYS2022-TINRO-3-18-Trawl-129,NA,Gonatus madokai,species,adult,NA,Aleksey Somov,2022-03-11T00:00:00Z,0.12,Kilograms,Total,NA,NA,NA,NA,NA
IYS2022-TINRO-3-18-Trawl,IYS2022-TINRO-3-18-Trawl-130,NA,Gasterosteus aculeatus,species,adult,NA,Aleksey Somov,2022-03-11T00:00:00Z,0.29,Kilograms,Total,54,Total,NA,NA,NA
IYS2022-TINRO-3-18-Trawl,IYS2022-TINRO-3-18-Trawl-131,NA,Oncorhynchus nerka,species,immature,Sockeye Salmon,Aleksey Somov,2022-03-11T00:00:00Z,2.915,Kilograms,Total,4,Total,NA,NA,NA
IYS2022-TINRO-3-18-Trawl,IYS2022-TINRO-3-18-Trawl-132,NA,Oncorhynchus tschawytscha,species,immature,Chinook Salmon,Aleksey Somov,2022-03-11T00:00:00Z,1.153,Kilograms,Total,1,Total,NA,NA,NA
IYS2022-TINRO-3-19-Trawl,IYS2022-TINRO-3-19-Trawl-133,NA,Gasterosteus aculeatus,species,adult,NA,Aleksey Somov,2022-03-12T00:00:00Z,0.046,Kilograms,Total,10,Total,NA,NA,NA
IYS2022-TINRO-3-19-Trawl,IYS2022-TINRO-3-19-Trawl-134,NA,Chrysaora melanaster,species,adult,NA,Aleksey Somov,2022-03-12T00:00:00Z,0.232,Kilograms,Total,5,Total,NA,NA,NA
IYS2022-TINRO-3-19-Trawl,IYS2022-TINRO-3-19-Trawl-135,NA,Aurelia labiata,species,adult,NA,Aleksey Somov,2022-03-12T00:00:00Z,0.268,Kilograms,Total,3,Total,NA,NA,NA
IYS2022-TINRO-3-19-Trawl,IYS2022-TINRO-3-19-Trawl-136,NA,Aequorea sp.,genus,adult,NA,Aleksey Somov,2022-03-12T00:00:00Z,2.474,Kilograms,Total,NA,NA,NA,NA,NA
IYS2022-TINRO-3-19-Trawl,IYS2022-TINRO-3-19-Trawl-137,NA,Oncorhynchus nerka,species,Juvenile,Sockeye Salmon,Aleksey Somov,2022-03-12T00:00:00Z,0.342,Kilograms,Total,2,Total,NA,NA,NA
IYS2022-TINRO-3-20-Trawl,IYS2022-TINRO-3-20-Trawl-138,NA,Aequorea sp.,genus,adult,NA,Aleksey Somov,2022-03-12T00:00:00Z,4.27,Kilograms,Total,NA,NA,NA,NA,NA
IYS2022-TINRO-3-20-Trawl,IYS2022-TINRO-3-20-Trawl-139,NA,Phacellophora camtshchatica,species,adult,NA,Aleksey Somov,2022-03-12T00:00:00Z,72.3,Kilograms,Total,23,Weight estimate,NA,NA,NA
IYS2022-TINRO-3-20-Trawl,IYS2022-TINRO-3-20-Trawl-140,NA,Salpa aspera,species,adult,NA,Aleksey Somov,2022-03-12T00:00:00Z,0.218,Kilograms,Total,22,Weight estimate,NA,NA,NA
IYS2022-TINRO-3-20-Trawl,IYS2022-TINRO-3-20-Trawl-141,NA,Gonatus kamtschaticus,species,adult,NA,Aleksey Somov,2022-03-12T00:00:00Z,0.004,Kilograms,Total,1,Total,NA,NA,NA
IYS2022-TINRO-3-20-Trawl,IYS2022-TINRO-3-20-Trawl-142,NA,Onychoteuthis borealijaponica,species,adult,NA,Aleksey Somov,2022-03-12T00:00:00Z,0.55,Kilograms,Total,3,Total,NA,NA,NA
IYS2022-TINRO-3-20-Trawl,IYS2022-TINRO-3-20-Trawl-143,NA,Tarletonbeania crenularis,species,adult,NA,Aleksey Somov,2022-03-12T00:00:00Z,0.052,Kilograms,Total,29,Total,NA,NA,NA
IYS2022-TINRO-3-20-Trawl,IYS2022-TINRO-3-20-Trawl-144,NA,Oncorhynchus nerka,species,immature,Sockeye Salmon,Aleksey Somov,2022-03-12T00:00:00Z,0.514,Kilograms,Total,1,Total,NA,NA,NA
IYS2022-TINRO-3-20-Trawl,IYS2022-TINRO-3-20-Trawl-145,NA,Oncorhynchus kisutch,species,immature,Coho Salmon,Aleksey Somov,2022-03-12T00:00:00Z,1.751,Kilograms,Total,3,Total,NA,NA,NA
IYS2022-TINRO-3-20-Trawl,IYS2022-TINRO-3-20-Trawl-146,NA,Oncorhynchus keta,species,immature,Chum Salmon,Aleksey Somov,2022-03-12T00:00:00Z,3.601,Kilograms,Total,3,Total,NA,NA,NA
IYS2022-TINRO-3-21-Trawl,IYS2022-TINRO-3-21-Trawl-147,NA,Aurelia limbata,species,adult,NA,Aleksey Somov,2022-03-13T00:00:00Z,0.057,Kilograms,Total,1,Total,NA,NA,NA
IYS2022-TINRO-3-21-Trawl,IYS2022-TINRO-3-21-Trawl-148,NA,Chrysaora melanaster,species,adult,NA,Aleksey Somov,2022-03-13T00:00:00Z,0.245,Kilograms,Total,4,Total,NA,NA,NA
IYS2022-TINRO-3-21-Trawl,IYS2022-TINRO-3-21-Trawl-149,NA,Aequorea sp.,genus,adult,NA,Aleksey Somov,2022-03-13T00:00:00Z,1.07,Kilograms,Total,NA,NA,NA,NA,NA
IYS2022-TINRO-3-21-Trawl,IYS2022-TINRO-3-21-Trawl-150,NA,Oncorhynchus nerka,species,Juvenile,Sockeye Salmon,Aleksey Somov,2022-03-13T00:00:00Z,0.159,Kilograms,Total,1,Total,NA,NA,NA
IYS2022-TINRO-3-22-Trawl,IYS2022-TINRO-3-22-Trawl-151,NA,Oncorhynchus keta,species,immature,Chum Salmon,Aleksey Somov,2022-03-14T00:00:00Z,0.585,Kilograms,Total,1,Total,NA,NA,NA
IYS2022-TINRO-3-22-Trawl,IYS2022-TINRO-3-22-Trawl-152,NA,Oncorhynchus keta,species,Juvenile,Chum Salmon,Aleksey Somov,2022-03-14T00:00:00Z,0.175,Kilograms,Total,1,Total,NA,NA,NA
IYS2022-TINRO-3-22-Trawl,IYS2022-TINRO-3-22-Trawl-153,NA,Oncorhynchus nerka,species,immature,Sockeye Salmon,Aleksey Somov,2022-03-14T00:00:00Z,5.431,Kilograms,Total,12,Total,NA,NA,NA
IYS2022-TINRO-3-22-Trawl,IYS2022-TINRO-3-22-Trawl-154,NA,Oncorhynchus nerka,species,Juvenile,Sockeye Salmon,Aleksey Somov,2022-03-14T00:00:00Z,2.685,Kilograms,Total,12,Total,NA,NA,NA
IYS2022-TINRO-3-23-Trawl,IYS2022-TINRO-3-23-Trawl-155,NA,Phacellophora camtshchatica,species,adult,NA,Aleksey Somov,2022-03-15T00:00:00Z,85.16,Kilograms,Total,177,Total,NA,NA,NA
IYS2022-TINRO-3-23-Trawl,IYS2022-TINRO-3-23-Trawl-156,NA,Boreoteuthis borealis,species,adult,NA,Aleksey Somov,2022-03-15T00:00:00Z,0.099,Kilograms,Total,1,Total,NA,NA,NA
IYS2022-TINRO-3-23-Trawl,IYS2022-TINRO-3-23-Trawl-157,NA,Aurelia labiata,species,adult,NA,Aleksey Somov,2022-03-15T00:00:00Z,0.28,Kilograms,Total,1,Total,NA,NA,NA
IYS2022-TINRO-3-23-Trawl,IYS2022-TINRO-3-23-Trawl-158,NA,Tarletonbeania crenularis,species,adult,NA,Aleksey Somov,2022-03-15T00:00:00Z,0.004,Kilograms,Total,2,Total,NA,NA,NA
IYS2022-TINRO-3-23-Trawl,IYS2022-TINRO-3-23-Trawl-159,NA,Oncorhynchus nerka,species,immature,Sockeye Salmon,Aleksey Somov,2022-03-15T00:00:00Z,8.479,Kilograms,Total,18,Total,NA,NA,NA
IYS2022-TINRO-3-23-Trawl,IYS2022-TINRO-3-23-Trawl-160,NA,Oncorhynchus nerka,species,Juvenile,Sockeye Salmon,Aleksey Somov,2022-03-15T00:00:00Z,0.229,Kilograms,Total,1,Total,NA,NA,NA
IYS2022-TINRO-3-24-Trawl,IYS2022-TINRO-3-24-Trawl-161,NA,Onychoteuthis borealijaponica,species,adult,NA,Aleksey Somov,2022-03-15T00:00:00Z,0.199,Kilograms,Total,1,Total,NA,NA,NA
IYS2022-TINRO-3-24-Trawl,IYS2022-TINRO-3-24-Trawl-162,NA,Phacellophora camtshchatica,species,adult,NA,Aleksey Somov,2022-03-15T00:00:00Z,0.714,Kilograms,Total,3,Total,NA,NA,NA
IYS2022-TINRO-3-24-Trawl,IYS2022-TINRO-3-24-Trawl-163,NA,Aequorea sp.,genus,adult,NA,Aleksey Somov,2022-03-15T00:00:00Z,1.079,Kilograms,Total,NA,NA,NA,NA,NA
IYS2022-TINRO-3-24-Trawl,IYS2022-TINRO-3-24-Trawl-164,NA,Oncorhynchus keta,species,immature,Chum Salmon,Aleksey Somov,2022-03-15T00:00:00Z,3.135,Kilograms,Total,4,Total,NA,NA,NA
IYS2022-TINRO-3-24-Trawl,IYS2022-TINRO-3-24-Trawl-165,NA,Oncorhynchus nerka,species,Juvenile,Sockeye Salmon,Aleksey Somov,2022-03-15T00:00:00Z,0.257,Kilograms,Total,1,Total,NA,NA,NA
IYS2022-TINRO-3-24-Trawl,IYS2022-TINRO-3-24-Trawl-166,NA,Oncorhynchus nerka,species,immature,Sockeye Salmon,Aleksey Somov,2022-03-15T00:00:00Z,0.467,Kilograms,Total,1,Total,NA,NA,NA
IYS2022-TINRO-3-24-Trawl,IYS2022-TINRO-3-24-Trawl-167,NA,Oncorhynchus keta,species,Juvenile,Chum Salmon,Aleksey Somov,2022-03-15T00:00:00Z,0.407,Kilograms,Total,2,Total,NA,NA,NA
IYS2022-TINRO-3-13-Trawl,IYS2022-TINRO-3-13-Trawl-168,NA,Oncorhynchus keta,species,immature,Chum Salmon,Aleksey Somov,2022-03-08T00:00:00Z,0.781,Kilograms,Total,2,Total,NA,NA,NA
IYS2022-TINRO-3-25-Trawl,IYS2022-TINRO-3-25-Trawl-169,NA,Aequorea sp.,genus,adult,NA,Aleksey Somov,2022-03-16T00:00:00Z,1.75,Kilograms,Total,NA,NA,NA,NA,NA
IYS2022-TINRO-3-25-Trawl,IYS2022-TINRO-3-25-Trawl-170,NA,Phacellophora camtshchatica,species,adult,NA,Aleksey Somov,2022-03-16T00:00:00Z,10.48,Kilograms,Total,6,Total,NA,NA,NA
IYS2022-TINRO-3-25-Trawl,IYS2022-TINRO-3-25-Trawl-171,NA,Tarletonbeania crenularis,species,adult,NA,Aleksey Somov,2022-03-16T00:00:00Z,0.027,Kilograms,Total,10,Total,NA,NA,NA
IYS2022-TINRO-3-25-Trawl,IYS2022-TINRO-3-25-Trawl-172,NA,Boreoteuthis borealis,species,adult,NA,Aleksey Somov,2022-03-16T00:00:00Z,0.031,Kilograms,Total,2,Total,NA,NA,NA
IYS2022-TINRO-3-25-Trawl,IYS2022-TINRO-3-25-Trawl-173,NA,Onychoteuthis borealijaponica,species,adult,NA,Aleksey Somov,2022-03-16T00:00:00Z,0.344,Kilograms,Total,1,Total,NA,NA,NA
IYS2022-TINRO-3-25-Trawl,IYS2022-TINRO-3-25-Trawl-174,NA,Okutania anonycha,species,adult,NA,Aleksey Somov,2022-03-16T00:00:00Z,0.017,Kilograms,Total,1,Total,NA,NA,NA
IYS2022-TINRO-3-25-Trawl,IYS2022-TINRO-3-25-Trawl-175,NA,Oncorhynchus keta,species,immature,Chum Salmon,Aleksey Somov,2022-03-16T00:00:00Z,3.545,Kilograms,Total,2,Total,NA,NA,NA
IYS2022-TINRO-3-25-Trawl,IYS2022-TINRO-3-25-Trawl-176,NA,Oncorhynchus kisutch,species,immature,Coho Salmon,Aleksey Somov,2022-03-16T00:00:00Z,1.572,Kilograms,Total,3,Total,NA,NA,NA
IYS2022-TINRO-3-25-Trawl,IYS2022-TINRO-3-25-Trawl-177,NA,Oncorhynchus nerka,species,immature,Sockeye Salmon,Aleksey Somov,2022-03-16T00:00:00Z,5.954,Kilograms,Total,10,Total,NA,NA,NA
IYS2022-TINRO-3-26-Trawl,IYS2022-TINRO-3-26-Trawl-178,NA,Phacellophora camtshchatica,species,adult,NA,Aleksey Somov,2022-03-17T00:00:00Z,1.96,Kilograms,Total,3,Total,NA,NA,NA
IYS2022-TINRO-3-26-Trawl,IYS2022-TINRO-3-26-Trawl-179,NA,Onychoteuthis borealijaponica,species,adult,NA,Aleksey Somov,2022-03-17T00:00:00Z,0.125,Kilograms,Total,1,Total,NA,NA,NA
IYS2022-TINRO-3-26-Trawl,IYS2022-TINRO-3-26-Trawl-180,NA,Oncorhynchus keta,species,immature,Chum Salmon,Aleksey Somov,2022-03-17T00:00:00Z,24.910999999999998,Kilograms,Total,30,Total,NA,NA,NA
IYS2022-TINRO-3-26-Trawl,IYS2022-TINRO-3-26-Trawl-181,NA,Oncorhynchus keta,species,Juvenile,Chum Salmon,Aleksey Somov,2022-03-17T00:00:00Z,4.486,Kilograms,Total,27,Total,NA,NA,NA
IYS2022-TINRO-3-26-Trawl,IYS2022-TINRO-3-26-Trawl-182,NA,Oncorhynchus keta,species,immature,Chum Salmon,Aleksey Somov,2022-03-17T00:00:00Z,0.829,Kilograms,Total,2,Total,NA,NA,NA
IYS2022-TINRO-3-26-Trawl,IYS2022-TINRO-3-26-Trawl-183,NA,Oncorhynchus nerka,species,immature,Sockeye Salmon,Aleksey Somov,2022-03-17T00:00:00Z,36.164,Kilograms,Total,62,Total,NA,NA,NA
IYS2022-TINRO-3-26-Trawl,IYS2022-TINRO-3-26-Trawl-184,NA,Oncorhynchus nerka,species,Juvenile,Sockeye Salmon,Aleksey Somov,2022-03-17T00:00:00Z,0.355,Kilograms,Total,2,Total,NA,NA,NA
IYS2022-TINRO-3-26-Trawl,IYS2022-TINRO-3-26-Trawl-185,NA,Oncorhynchus gorbuscha,species,adult,Pink Salmon,Aleksey Somov,2022-03-17T00:00:00Z,1.61,Kilograms,Total,6,Total,NA,NA,NA
IYS2022-TINRO-3-26-Trawl,IYS2022-TINRO-3-26-Trawl-186,NA,Oncorhynchus gorbuscha,species,Juvenile,Pink Salmon,Aleksey Somov,2022-03-17T00:00:00Z,0.9319999999999999,Kilograms,Total,5,Total,NA,NA,NA
IYS2022-TINRO-3-26-Trawl,IYS2022-TINRO-3-26-Trawl-187,NA,Oncorhynchus kisutch,species,Juvenile,Coho Salmon,Aleksey Somov,2022-03-17T00:00:00Z,0.167,Kilograms,Total,1,Total,NA,NA,NA
IYS2022-TINRO-3-26-Trawl,IYS2022-TINRO-3-26-Trawl-188,NA,Oncorhynchus kisutch,species,immature,Coho Salmon,Aleksey Somov,2022-03-17T00:00:00Z,0.452,Kilograms,Total,1,Total,NA,NA,NA
IYS2022-TINRO-3-27-Trawl,IYS2022-TINRO-3-27-Trawl-189,NA,Aequorea sp.,genus,adult,NA,Aleksey Somov,2022-03-17T00:00:00Z,2.7,Kilograms,Total,NA,NA,NA,NA,NA
IYS2022-TINRO-3-27-Trawl,IYS2022-TINRO-3-27-Trawl-190,NA,Phacellophora camtshchatica,species,adult,NA,Aleksey Somov,2022-03-17T00:00:00Z,5.65,Kilograms,Total,6,Total,NA,NA,NA
IYS2022-TINRO-3-27-Trawl,IYS2022-TINRO-3-27-Trawl-191,NA,Oncorhynchus nerka,species,Juvenile,Sockeye Salmon,Aleksey Somov,2022-03-17T00:00:00Z,0.391,Kilograms,Total,2,Total,NA,NA,NA
IYS2022-TINRO-3-27-Trawl,IYS2022-TINRO-3-27-Trawl-192,NA,Oncorhynchus nerka,species,immature,Sockeye Salmon,Aleksey Somov,2022-03-17T00:00:00Z,0.826,Kilograms,Total,1,Total,NA,NA,NA
IYS2022-TINRO-3-27-Trawl,IYS2022-TINRO-3-27-Trawl-193,NA,Oncorhynchus kisutch,species,Juvenile,Coho Salmon,Aleksey Somov,2022-03-17T00:00:00Z,0.212,Kilograms,Total,1,Total,NA,NA,NA
IYS2022-TINRO-3-27-Trawl,IYS2022-TINRO-3-27-Trawl-194,NA,Oncorhynchus gorbuscha,species,adult,Pink Salmon,Aleksey Somov,2022-03-17T00:00:00Z,0.486,Kilograms,Total,2,Total,NA,NA,NA
IYS2022-TINRO-3-28-Trawl,IYS2022-TINRO-3-28-Trawl-195,NA,Gonatus kamtschaticus,species,adult,NA,Aleksey Somov,2022-03-18T00:00:00Z,0.144,Kilograms,Total,3,Total,NA,NA,NA
IYS2022-TINRO-3-28-Trawl,IYS2022-TINRO-3-28-Trawl-196,NA,Gasterosteus aculeatus,species,adult,NA,Aleksey Somov,2022-03-18T00:00:00Z,0.023,Kilograms,Total,5,Total,NA,NA,NA
IYS2022-TINRO-3-28-Trawl,IYS2022-TINRO-3-28-Trawl-197,NA,Okutania anonycha,species,adult,NA,Aleksey Somov,2022-03-18T00:00:00Z,3.104,Kilograms,Total,647,Weight estimate,NA,NA,NA
IYS2022-TINRO-3-28-Trawl,IYS2022-TINRO-3-28-Trawl-198,NA,Aequorea sp.,genus,adult,NA,Aleksey Somov,2022-03-18T00:00:00Z,3.93,Kilograms,Total,NA,NA,NA,NA,NA
IYS2022-TINRO-3-28-Trawl,IYS2022-TINRO-3-28-Trawl-199,NA,Phacellophora camtshchatica,species,adult,NA,Aleksey Somov,2022-03-18T00:00:00Z,4.69,Kilograms,Total,14,Total,NA,NA,NA
IYS2022-TINRO-3-28-Trawl,IYS2022-TINRO-3-28-Trawl-200,NA,Aurelia labiata,species,adult,NA,Aleksey Somov,2022-03-18T00:00:00Z,0.525,Kilograms,Total,3,Total,NA,NA,NA
IYS2022-TINRO-3-28-Trawl,IYS2022-TINRO-3-28-Trawl-201,NA,Oncorhynchus nerka,species,immature,Sockeye Salmon,Aleksey Somov,2022-03-18T00:00:00Z,0.924,Kilograms,Total,2,Total,NA,NA,NA
IYS2022-TINRO-3-28-Trawl,IYS2022-TINRO-3-28-Trawl-202,NA,Oncorhynchus nerka,species,Juvenile,Sockeye Salmon,Aleksey Somov,2022-03-18T00:00:00Z,0.872,Kilograms,Total,5,Total,NA,NA,NA
IYS2022-TINRO-3-28-Trawl,IYS2022-TINRO-3-28-Trawl-203,NA,Oncorhynchus kisutch,species,immature,Coho Salmon,Aleksey Somov,2022-03-18T00:00:00Z,0.351,Kilograms,Total,1,Total,NA,NA,NA
IYS2022-TINRO-3-29-Trawl,IYS2022-TINRO-3-29-Trawl-204,NA,Boreoteuthis borealis,species,adult,NA,Aleksey Somov,2022-03-19T00:00:00Z,0.682,Kilograms,Total,7,Total,NA,NA,NA
IYS2022-TINRO-3-29-Trawl,IYS2022-TINRO-3-29-Trawl-205,NA,Aurelia labiata,species,adult,NA,Aleksey Somov,2022-03-19T00:00:00Z,0.809,Kilograms,Total,2,Total,NA,NA,NA
IYS2022-TINRO-3-29-Trawl,IYS2022-TINRO-3-29-Trawl-206,NA,Tarletonbeania crenularis,species,adult,NA,Aleksey Somov,2022-03-19T00:00:00Z,0.002,Kilograms,Total,1,Total,NA,NA,NA
IYS2022-TINRO-3-29-Trawl,IYS2022-TINRO-3-29-Trawl-207,NA,Aequorea sp.,genus,adult,NA,Aleksey Somov,2022-03-19T00:00:00Z,4.242,Kilograms,Total,NA,NA,NA,NA,NA
IYS2022-TINRO-3-29-Trawl,IYS2022-TINRO-3-29-Trawl-208,NA,Phacellophora camtshchatica,species,adult,NA,Aleksey Somov,2022-03-19T00:00:00Z,21.66,Kilograms,Total,43,Total,NA,NA,NA
IYS2022-TINRO-3-29-Trawl,IYS2022-TINRO-3-29-Trawl-209,NA,Oncorhynchus gorbuscha,species,adult,Pink Salmon,Aleksey Somov,2022-03-19T00:00:00Z,0.269,Kilograms,Total,1,Total,NA,NA,NA
IYS2022-TINRO-3-29-Trawl,IYS2022-TINRO-3-29-Trawl-210,NA,Oncorhynchus keta,species,immature,Chum Salmon,Aleksey Somov,2022-03-19T00:00:00Z,1.684,Kilograms,Total,2,Total,NA,NA,NA
IYS2022-TINRO-3-29-Trawl,IYS2022-TINRO-3-29-Trawl-211,NA,Oncorhynchus nerka,species,Juvenile,Sockeye Salmon,Aleksey Somov,2022-03-19T00:00:00Z,2.7969999999999997,Kilograms,Total,15,Total,NA,NA,NA
IYS2022-TINRO-3-29-Trawl,IYS2022-TINRO-3-29-Trawl-212,NA,Oncorhynchus nerka,species,immature,Sockeye Salmon,Aleksey Somov,2022-03-19T00:00:00Z,10.684,Kilograms,Total,17,Total,NA,NA,NA
IYS2022-TINRO-3-1-Trawl,IYS2022-TINRO-3-1-Trawl-213,NA,Oncorhynchus kisutch,species,immature,Coho Salmon,Aleksey Somov,2022-03-02T00:00:00Z,0.318,Kilograms,Total,1,Total,NA,NA,NA
IYS2022-TINRO-3-30-Trawl,IYS2022-TINRO-3-30-Trawl-214,NA,Aequorea sp.,genus,adult,NA,Aleksey Somov,2022-03-19T00:00:00Z,3.65,Kilograms,Total,NA,NA,NA,NA,NA
IYS2022-TINRO-3-30-Trawl,IYS2022-TINRO-3-30-Trawl-215,NA,Oncorhynchus kisutch,species,immature,Coho Salmon,Aleksey Somov,2022-03-19T00:00:00Z,0.396,Kilograms,Total,1,Total,NA,NA,NA
IYS2022-TINRO-3-30-Trawl,IYS2022-TINRO-3-30-Trawl-216,NA,Oncorhynchus nerka,species,immature,Sockeye Salmon,Aleksey Somov,2022-03-19T00:00:00Z,1.734,Kilograms,Total,3,Total,NA,NA,NA
IYS2022-TINRO-3-30-Trawl,IYS2022-TINRO-3-30-Trawl-217,NA,Oncorhynchus nerka,species,Juvenile,Sockeye Salmon,Aleksey Somov,2022-03-19T00:00:00Z,0.581,Kilograms,Total,3,Total,NA,NA,NA
IYS2022-TINRO-3-31-Trawl,IYS2022-TINRO-3-31-Trawl-218,NA,Phacellophora camtshchatica,species,adult,NA,Aleksey Somov,2022-03-20T00:00:00Z,30,Kilograms,Total,10,Total,NA,NA,NA
IYS2022-TINRO-3-31-Trawl,IYS2022-TINRO-3-31-Trawl-219,NA,Tarletonbeania crenularis,species,adult,NA,Aleksey Somov,2022-03-20T00:00:00Z,0.009,Kilograms,Total,4,Total,NA,NA,NA
IYS2022-TINRO-3-31-Trawl,IYS2022-TINRO-3-31-Trawl-220,NA,Lamna ditropis,species,adult,NA,Aleksey Somov,2022-03-20T00:00:00Z,65,Kilograms,Total,1,Total,NA,NA,NA
IYS2022-TINRO-3-31-Trawl,IYS2022-TINRO-3-31-Trawl-221,NA,Oncorhynchus nerka,species,immature,Sockeye Salmon,Aleksey Somov,2022-03-20T00:00:00Z,2.228,Kilograms,Total,3,Total,NA,NA,NA
IYS2022-TINRO-3-31-Trawl,IYS2022-TINRO-3-31-Trawl-222,NA,Oncorhynchus kisutch,species,immature,Coho Salmon,Aleksey Somov,2022-03-20T00:00:00Z,2.025,Kilograms,Total,5,Total,NA,NA,NA
IYS2022-TINRO-3-32-Trawl,IYS2022-TINRO-3-32-Trawl-223,NA,Aequorea sp.,genus,adult,NA,Aleksey Somov,2022-03-20T00:00:00Z,1.625,Kilograms,Total,NA,NA,NA,NA,NA
IYS2022-TINRO-3-32-Trawl,IYS2022-TINRO-3-32-Trawl-224,NA,Chrysaora melanaster,species,adult,NA,Aleksey Somov,2022-03-20T00:00:00Z,0.045,Kilograms,Total,1,Total,NA,NA,NA
IYS2022-TINRO-3-32-Trawl,IYS2022-TINRO-3-32-Trawl-225,NA,Phacellophora camtshchatica,species,adult,NA,Aleksey Somov,2022-03-20T00:00:00Z,0.45,Kilograms,Total,2,Total,NA,NA,NA
IYS2022-TINRO-3-32-Trawl,IYS2022-TINRO-3-32-Trawl-226,NA,Oncorhynchus nerka,species,immature,Sockeye Salmon,Aleksey Somov,2022-03-20T00:00:00Z,0.827,Kilograms,Total,2,Total,NA,NA,NA
IYS2022-TINRO-3-32-Trawl,IYS2022-TINRO-3-32-Trawl-227,NA,Oncorhynchus keta,species,immature,Chum Salmon,Aleksey Somov,2022-03-20T00:00:00Z,1.175,Kilograms,Total,2,Total,NA,NA,NA
IYS2022-NW-2-1-CanTrawl,IYS2022-NW-2-1-CanTrawl-1,Threespine stickleback,Gasterosteus aculeatus,NA,None,NA,NA,NA,0.05,Kilograms,Total,9,Total,NA,NA,NA
IYS2022-NW-2-1-CanTrawl,IYS2022-NW-2-1-CanTrawl-2,Capelin,Mallotus villosus,NA,None,NA,NA,NA,0.116,Kilograms,Total,9,Total,NA,NA,NA
IYS2022-NW-2-1-CanTrawl,IYS2022-NW-2-1-CanTrawl-3,Aurelia sp.,Aurelia sp.,NA,None,NA,NA,NA,0.326,Kilograms,Total,2,Total,NA,NA,NA
IYS2022-NW-2-2-CanTrawl,IYS2022-NW-2-2-CanTrawl-1,Threespine stickleback,Gasterosteus aculeatus,NA,None,NA,NA,NA,8.3,Kilograms,Total,1392.2581,Total,NA,NA,NA
IYS2022-NW-2-2-CanTrawl,IYS2022-NW-2-2-CanTrawl-2,Chum salmon,Oncorhynchus keta,NA,Immature,NA,NA,NA,13.11,Kilograms,Total,8,Total,NA,NA,NA
IYS2022-NW-2-2-CanTrawl,IYS2022-NW-2-2-CanTrawl-3,Sockeye salmon,Oncorhynchus nerka,NA,Immature,NA,NA,NA,25.84,Kilograms,Total,17,Total,NA,NA,NA
IYS2022-NW-2-2-CanTrawl,IYS2022-NW-2-2-CanTrawl-4,Phacellophora camtchatica,Phacellophora camtchatica,NA,None,NA,NA,NA,0.9,Kilograms,Total,2,Total,NA,NA,NA
IYS2022-NW-2-2-CanTrawl,IYS2022-NW-2-2-CanTrawl-5,Aurelia sp.,Aurelia sp.,NA,None,NA,NA,NA,0.21,Kilograms,Total,1,Total,NA,NA,NA
IYS2022-NW-2-2-CanTrawl,IYS2022-NW-2-2-CanTrawl-6,Gonatus kamtschaticus,Gonatus kamtschaticus,NA,None,NA,NA,NA,0.14500000000000002,Kilograms,Total,1,Total,NA,NA,NA
IYS2022-NW-2-3-CanTrawl,IYS2022-NW-2-3-CanTrawl-1,Threespine stickleback,Gasterosteus aculeatus,NA,None,NA,NA,NA,4.71,Kilograms,Total,923.8846,Total,NA,NA,NA
IYS2022-NW-2-3-CanTrawl,IYS2022-NW-2-3-CanTrawl-2,Chum salmon,Oncorhynchus keta,NA,Immature,NA,NA,NA,5.81,Kilograms,Total,3,Total,NA,NA,NA
IYS2022-NW-2-3-CanTrawl,IYS2022-NW-2-3-CanTrawl-3,Sockeye salmon,Oncorhynchus nerka,NA,Immature,NA,NA,NA,11.21,Kilograms,Total,8,Total,NA,NA,NA
IYS2022-NW-2-3-CanTrawl,IYS2022-NW-2-3-CanTrawl-4,Chrysaora melanaster,Chrysaora melanaster,NA,None,NA,NA,NA,1.57,Kilograms,Total,15,Total,NA,NA,NA
IYS2022-NW-2-3-CanTrawl,IYS2022-NW-2-3-CanTrawl-5,Phacellophora camtchatica,Phacellophora camtchatica,NA,None,NA,NA,NA,0.09,Kilograms,Total,2,Total,NA,NA,NA
IYS2022-NW-2-3-CanTrawl,IYS2022-NW-2-3-CanTrawl-6,Aequorea sp.,Aequorea sp.,NA,None,NA,NA,NA,1.96,Kilograms,Total,0,Total,NA,NA,NA
IYS2022-NW-2-4-CanTrawl,IYS2022-NW-2-4-CanTrawl-1,Chum salmon,Oncorhynchus keta,NA,Immature,NA,NA,NA,1.2,Kilograms,Total,1,Total,NA,NA,NA
IYS2022-NW-2-4-CanTrawl,IYS2022-NW-2-4-CanTrawl-2,Sockeye salmon,Oncorhynchus nerka,NA,Immature,NA,NA,NA,1.57,Kilograms,Total,2,Total,NA,NA,NA
IYS2022-NW-2-4-CanTrawl,IYS2022-NW-2-4-CanTrawl-3,Chrysaora melanaster,Chrysaora melanaster,NA,None,NA,NA,NA,0.49,Kilograms,Total,3,Total,NA,NA,NA
IYS2022-NW-2-4-CanTrawl,IYS2022-NW-2-4-CanTrawl-4,Phacellophora camtchatica,Phacellophora camtchatica,NA,None,NA,NA,NA,0.97,Kilograms,Total,1,Total,NA,NA,NA
IYS2022-NW-2-4-CanTrawl,IYS2022-NW-2-4-CanTrawl-5,Aequorea sp.,Aequorea sp.,NA,None,NA,NA,NA,7.24,Kilograms,Total,46.9259,Total,NA,NA,NA
IYS2022-NW-2-4-CanTrawl,IYS2022-NW-2-4-CanTrawl-6,Aurelia sp.,Aurelia sp.,NA,None,NA,NA,NA,0.16,Kilograms,Total,1,Total,NA,NA,NA
IYS2022-NW-2-5-CanTrawl,IYS2022-NW-2-5-CanTrawl-1,Chum salmon,Oncorhynchus keta,NA,Immature,NA,NA,NA,25.42,Kilograms,Total,23,Total,NA,NA,NA
IYS2022-NW-2-5-CanTrawl,IYS2022-NW-2-5-CanTrawl-2,Sockeye salmon,Oncorhynchus nerka,NA,Immature,NA,NA,NA,3.89,Kilograms,Total,8,Total,NA,NA,NA
IYS2022-NW-2-5-CanTrawl,IYS2022-NW-2-5-CanTrawl-3,Chrysaora melanaster,Chrysaora melanaster,NA,None,NA,NA,NA,0.122,Kilograms,Total,3,Total,NA,NA,NA
IYS2022-NW-2-5-CanTrawl,IYS2022-NW-2-5-CanTrawl-4,Aequorea sp.,Aequorea sp.,NA,None,NA,NA,NA,10.699,Kilograms,Total,53.5485,Total,NA,NA,NA
IYS2022-NW-2-5-CanTrawl,IYS2022-NW-2-5-CanTrawl-5,Aurelia sp.,Aurelia sp.,NA,None,NA,NA,NA,0.536,Kilograms,Total,1,Total,NA,NA,NA
IYS2022-NW-2-6-CanTrawl,IYS2022-NW-2-6-CanTrawl-1,Pink salmon,Oncorhynchus gorbuscha,NA,Immature,NA,NA,NA,0.93,Kilograms,Total,2,Total,NA,NA,NA
IYS2022-NW-2-6-CanTrawl,IYS2022-NW-2-6-CanTrawl-2,Chum salmon,Oncorhynchus keta,NA,Immature,NA,NA,NA,20.5,Kilograms,Total,32,Total,NA,NA,NA
IYS2022-NW-2-6-CanTrawl,IYS2022-NW-2-6-CanTrawl-3,Sockeye salmon,Oncorhynchus nerka,NA,Immature,NA,NA,NA,3.23,Kilograms,Total,11,Total,NA,NA,NA
IYS2022-NW-2-6-CanTrawl,IYS2022-NW-2-6-CanTrawl-4,Chrysaora melanaster,Chrysaora melanaster,NA,None,NA,NA,NA,0.126,Kilograms,Total,1,Total,NA,NA,NA
IYS2022-NW-2-6-CanTrawl,IYS2022-NW-2-6-CanTrawl-5,Phacellophora camtchatica,Phacellophora camtchatica,NA,None,NA,NA,NA,0.127,Kilograms,Total,1,Total,NA,NA,NA
IYS2022-NW-2-6-CanTrawl,IYS2022-NW-2-6-CanTrawl-6,Aequorea sp.,Aequorea sp.,NA,None,NA,NA,NA,4.459,Kilograms,Total,28.044,Total,NA,NA,NA
IYS2022-NW-2-6-CanTrawl,IYS2022-NW-2-6-CanTrawl-7,Rex sole,Glyptocephalus zachiris,NA,Larval,NA,NA,NA,0.002,Kilograms,Total,0,Total,NA,NA,NA
IYS2022-NW-2-6-CanTrawl,IYS2022-NW-2-6-CanTrawl-8,White barracudina,Arctozenus risso,NA,None,NA,NA,NA,0.027000000000000003,Kilograms,Total,1,Total,NA,NA,NA
IYS2022-NW-2-6-CanTrawl,IYS2022-NW-2-6-CanTrawl-9,Pacific viperfish,Chauliodus macouni,NA,None,NA,NA,NA,0.078,Kilograms,Total,16,Total,NA,NA,NA
IYS2022-NW-2-6-CanTrawl,IYS2022-NW-2-6-CanTrawl-10,Northern lampfish,Stenobrachius leucopsarus,NA,None,NA,NA,NA,1.6785,Kilograms,Total,422.8172,Total,NA,NA,NA
IYS2022-NW-2-6-CanTrawl,IYS2022-NW-2-6-CanTrawl-11,California headlightfish,Diaphus theta,NA,None,NA,NA,NA,0.8969,Kilograms,Total,96.0948,Total,NA,NA,NA
IYS2022-NW-2-6-CanTrawl,IYS2022-NW-2-6-CanTrawl-12,Northern flashlightfish,Protomyctophum thompsoni,NA,None,NA,NA,NA,0.1153,Kilograms,Total,96.0948,Total,NA,NA,NA
IYS2022-NW-2-6-CanTrawl,IYS2022-NW-2-6-CanTrawl-13,Blue lanternfish,Tarletonbeania crenularis,NA,None,NA,NA,NA,0.14700000000000002,Kilograms,Total,59.4255,Total,NA,NA,NA
IYS2022-NW-2-6-CanTrawl,IYS2022-NW-2-6-CanTrawl-14,Slender barracudina,Lestidiops ringens,NA,None,NA,NA,NA,0.015,Kilograms,Total,1,Total,NA,NA,NA
IYS2022-NW-2-6-CanTrawl,IYS2022-NW-2-6-CanTrawl-15,Periphylla sp.,Periphylla sp.,NA,None,NA,NA,NA,0.167,Kilograms,Total,36.3043,Total,NA,NA,NA
IYS2022-NW-2-6-CanTrawl,IYS2022-NW-2-6-CanTrawl-16,Chrysaora melanaster,Chrysaora melanaster,NA,None,NA,NA,NA,0.464,Kilograms,Total,3,Total,NA,NA,NA
IYS2022-NW-2-6-CanTrawl,IYS2022-NW-2-6-CanTrawl-17,Phacellophora camtchatica,Phacellophora camtchatica,NA,None,NA,NA,NA,0.5810000000000001,Kilograms,Total,1,Total,NA,NA,NA
IYS2022-NW-2-6-CanTrawl,IYS2022-NW-2-6-CanTrawl-18,Aequorea sp.,Aequorea sp.,NA,None,NA,NA,NA,0.7420000000000001,Kilograms,Total,5.1528,Total,NA,NA,NA
IYS2022-NW-2-6-CanTrawl,IYS2022-NW-2-6-CanTrawl-19,Sergestid shrimp,Sergestes similis,NA,None,NA,NA,NA,0.05,Kilograms,Total,100,Total,NA,NA,NA
IYS2022-NW-2-6-CanTrawl,IYS2022-NW-2-6-CanTrawl-20,Fiery armhook squid,Gonatus pyros,NA,None,NA,NA,NA,0.027000000000000003,Kilograms,Total,1,Total,NA,NA,NA
IYS2022-NW-2-7-CanTrawl,IYS2022-NW-2-7-CanTrawl-1,Chum salmon,Oncorhynchus keta,NA,Immature,NA,NA,NA,1.35,Kilograms,Total,3,Total,NA,NA,NA
IYS2022-NW-2-7-CanTrawl,IYS2022-NW-2-7-CanTrawl-2,Sockeye salmon,Oncorhynchus nerka,NA,Immature,NA,NA,NA,7.8,Kilograms,Total,10,Total,NA,NA,NA
IYS2022-NW-2-7-CanTrawl,IYS2022-NW-2-7-CanTrawl-3,Chrysaora melanaster,Chrysaora melanaster,NA,None,NA,NA,NA,0.043,Kilograms,Total,1,Total,NA,NA,NA
IYS2022-NW-2-7-CanTrawl,IYS2022-NW-2-7-CanTrawl-4,Phacellophora camtchatica,Phacellophora camtchatica,NA,None,NA,NA,NA,4.462,Kilograms,Total,20.081,Total,NA,NA,NA
IYS2022-NW-2-7-CanTrawl,IYS2022-NW-2-7-CanTrawl-5,Aequorea sp.,Aequorea sp.,NA,None,NA,NA,NA,8.024,Kilograms,Total,56.6067,Total,NA,NA,NA
IYS2022-NW-2-7-CanTrawl,IYS2022-NW-2-7-CanTrawl-6,Aurelia sp.,Aurelia sp.,NA,None,NA,NA,NA,0.122,Kilograms,Total,1,Total,NA,NA,NA
IYS2022-NW-2-8-CanTrawl,IYS2022-NW-2-8-CanTrawl-1,Threespine stickleback,Gasterosteus aculeatus,NA,None,NA,NA,NA,0.28200000000000003,Kilograms,Total,54.2308,Total,NA,NA,NA
IYS2022-NW-2-8-CanTrawl,IYS2022-NW-2-8-CanTrawl-2,North Pacific Daggertooth,Anotopterus nikparini,NA,None,NA,NA,NA,0.038,Kilograms,Total,1,Total,NA,NA,NA
IYS2022-NW-2-8-CanTrawl,IYS2022-NW-2-8-CanTrawl-3,Chum salmon,Oncorhynchus keta,NA,Immature,NA,NA,NA,4.74,Kilograms,Total,3,Total,NA,NA,NA
IYS2022-NW-2-8-CanTrawl,IYS2022-NW-2-8-CanTrawl-4,Sockeye salmon,Oncorhynchus nerka,NA,Immature,NA,NA,NA,14.04,Kilograms,Total,8,Total,NA,NA,NA
IYS2022-NW-2-8-CanTrawl,IYS2022-NW-2-8-CanTrawl-5,Black rockfish,Sebastes melanops,NA,None,NA,NA,NA,4.39,Kilograms,Total,2,Total,NA,NA,NA
IYS2022-NW-2-8-CanTrawl,IYS2022-NW-2-8-CanTrawl-6,Chrysaora melanaster,Chrysaora melanaster,NA,None,NA,NA,NA,0.111,Kilograms,Total,1,Total,NA,NA,NA
IYS2022-NW-2-8-CanTrawl,IYS2022-NW-2-8-CanTrawl-7,Phacellophora camtchatica,Phacellophora camtchatica,NA,None,NA,NA,NA,0.622,Kilograms,Total,3,Total,NA,NA,NA
IYS2022-NW-2-8-CanTrawl,IYS2022-NW-2-8-CanTrawl-8,Aequorea sp.,Aequorea sp.,NA,None,NA,NA,NA,5.779,Kilograms,Total,41.3278,Total,NA,NA,NA
IYS2022-NW-2-8-CanTrawl,IYS2022-NW-2-8-CanTrawl-9,Aurelia sp.,Aurelia sp.,NA,None,NA,NA,NA,0.449,Kilograms,Total,1,Total,NA,NA,NA
IYS2022-NW-2-9-CanTrawl,IYS2022-NW-2-9-CanTrawl-1,Threespine stickleback,Gasterosteus aculeatus,NA,None,NA,NA,NA,0.121,Kilograms,Total,22,Total,NA,NA,NA
IYS2022-NW-2-9-CanTrawl,IYS2022-NW-2-9-CanTrawl-2,Chrysaora melanaster,Chrysaora melanaster,NA,None,NA,NA,NA,1.34,Kilograms,Total,5,Total,NA,NA,NA
IYS2022-NW-2-9-CanTrawl,IYS2022-NW-2-9-CanTrawl-3,Aequorea sp.,Aequorea sp.,NA,None,NA,NA,NA,11.451,Kilograms,Total,58.3639,Total,NA,NA,NA
IYS2022-NW-2-9-CanTrawl,IYS2022-NW-2-9-CanTrawl-4,Aurelia sp.,Aurelia sp.,NA,None,NA,NA,NA,0.74,Kilograms,Total,4,Total,NA,NA,NA
IYS2022-NW-2-10-CanTrawl,IYS2022-NW-2-10-CanTrawl-1,Hormiphora sp.,Hormiphora sp.,NA,None,NA,NA,NA,0.01,Kilograms,Total,1,Total,NA,NA,NA
IYS2022-NW-2-10-CanTrawl,IYS2022-NW-2-10-CanTrawl-2,Phacellophora camtchatica,Phacellophora camtchatica,NA,None,NA,NA,NA,1.799,Kilograms,Total,2,Total,NA,NA,NA
IYS2022-NW-2-10-CanTrawl,IYS2022-NW-2-10-CanTrawl-3,Chrysaora melanaster,Chrysaora melanaster,NA,None,NA,NA,NA,0.062000000000000006,Kilograms,Total,1,Total,NA,NA,NA
IYS2022-NW-2-10-CanTrawl,IYS2022-NW-2-10-CanTrawl-4,North Pacific Daggertooth,Anotopterus nikparini,NA,None,NA,NA,NA,0.115,Kilograms,Total,1,Total,NA,NA,NA
IYS2022-NW-2-10-CanTrawl,IYS2022-NW-2-10-CanTrawl-5,Threespine stickleback,Gasterosteus aculeatus,NA,None,NA,NA,NA,0.004,Kilograms,Total,1,Total,NA,NA,NA
IYS2022-NW-2-10-CanTrawl,IYS2022-NW-2-10-CanTrawl-6,Walleye pollock,Gadus chalcogrammus,NA,Age 1+,NA,NA,NA,6.4,Kilograms,Total,6,Total,NA,NA,NA
IYS2022-NW-2-10-CanTrawl,IYS2022-NW-2-10-CanTrawl-7,Lowcrest hatchetfish,Argropelecus sladeni,NA,None,NA,NA,NA,0.004,Kilograms,Total,1,Total,NA,NA,NA
IYS2022-NW-2-10-CanTrawl,IYS2022-NW-2-10-CanTrawl-8,Salps unident.,Salpidae,NA,None,NA,NA,NA,0.122,Kilograms,Total,2,Total,NA,NA,NA
IYS2022-NW-2-10-CanTrawl,IYS2022-NW-2-10-CanTrawl-9,Phacellophora camtchatica,Phacellophora camtchatica,NA,None,NA,NA,NA,0.113,Kilograms,Total,1,Total,NA,NA,NA
IYS2022-NW-2-10-CanTrawl,IYS2022-NW-2-10-CanTrawl-10,Jellyfish unident.,Scyphozoa (class),NA,None,NA,NA,NA,0.021,Kilograms,Total,5,Total,NA,NA,NA
IYS2022-NW-2-10-CanTrawl,IYS2022-NW-2-10-CanTrawl-11,Slender barracudina,Lestidiops ringens,NA,None,NA,NA,NA,0.016,Kilograms,Total,1,Total,NA,NA,NA
IYS2022-NW-2-10-CanTrawl,IYS2022-NW-2-10-CanTrawl-12,Northern flashlightfish,Protomyctophum thompsoni,NA,None,NA,NA,NA,0.006,Kilograms,Total,1,Total,NA,NA,NA
IYS2022-NW-2-10-CanTrawl,IYS2022-NW-2-10-CanTrawl-13,Lanternfish unident.,Myctophidae,NA,None,NA,NA,NA,0.004,Kilograms,Total,7,Total,NA,NA,NA
IYS2022-NW-2-10-CanTrawl,IYS2022-NW-2-10-CanTrawl-14,Northern lampfish,Stenobrachius leucopsarus,NA,None,NA,NA,NA,0.003,Kilograms,Total,1,Total,NA,NA,NA
IYS2022-NW-2-11-CanTrawl,IYS2022-NW-2-11-CanTrawl-1,Sockeye salmon,Oncorhynchus nerka,NA,Immature,NA,NA,NA,14.22,Kilograms,Total,8,Total,NA,NA,NA
IYS2022-NW-2-11-CanTrawl,IYS2022-NW-2-11-CanTrawl-2,Chum salmon,Oncorhynchus keta,NA,Immature,NA,NA,NA,2.08,Kilograms,Total,1,Total,NA,NA,NA
IYS2022-NW-2-11-CanTrawl,IYS2022-NW-2-11-CanTrawl-3,Threespine stickleback,Gasterosteus aculeatus,NA,None,NA,NA,NA,0.003,Kilograms,Total,1,Total,NA,NA,NA
IYS2022-NW-2-11-CanTrawl,IYS2022-NW-2-11-CanTrawl-4,Aequorea sp.,Aequorea sp.,NA,None,NA,NA,NA,8.019,Kilograms,Total,54.2558,Total,NA,NA,NA
IYS2022-NW-2-11-CanTrawl,IYS2022-NW-2-11-CanTrawl-5,Phacellophora camtchatica,Phacellophora camtchatica,NA,None,NA,NA,NA,2.403,Kilograms,Total,2,Total,NA,NA,NA
IYS2022-NW-2-11-CanTrawl,IYS2022-NW-2-11-CanTrawl-6,Hormiphora sp.,Hormiphora sp.,NA,None,NA,NA,NA,0.022,Kilograms,Total,1,Total,NA,NA,NA
IYS2022-NW-2-12-CanTrawl,IYS2022-NW-2-12-CanTrawl-1,Aequorea sp.,Aequorea sp.,NA,None,NA,NA,NA,9.822,Kilograms,Total,67.5052,Total,NA,NA,NA
IYS2022-NW-2-12-CanTrawl,IYS2022-NW-2-12-CanTrawl-2,Phacellophora camtchatica,Phacellophora camtchatica,NA,None,NA,NA,NA,1.785,Kilograms,Total,5.9302,Total,NA,NA,NA
IYS2022-NW-2-12-CanTrawl,IYS2022-NW-2-12-CanTrawl-3,Chrysaora melanaster,Chrysaora melanaster,NA,None,NA,NA,NA,5.584,Kilograms,Total,36.5445,Total,NA,NA,NA
IYS2022-NW-2-12-CanTrawl,IYS2022-NW-2-12-CanTrawl-4,Sockeye salmon,Oncorhynchus nerka,NA,Immature,NA,NA,NA,17.32,Kilograms,Total,12,Total,NA,NA,NA
IYS2022-NW-2-12-CanTrawl,IYS2022-NW-2-12-CanTrawl-5,Chum salmon,Oncorhynchus keta,NA,Immature,NA,NA,NA,15.43,Kilograms,Total,11,Total,NA,NA,NA
IYS2022-NW-2-12-CanTrawl,IYS2022-NW-2-12-CanTrawl-6,North Pacific Daggertooth,Anotopterus nikparini,NA,None,NA,NA,NA,0.072,Kilograms,Total,1,Total,NA,NA,NA
IYS2022-NW-2-12-CanTrawl,IYS2022-NW-2-12-CanTrawl-7,Threespine stickleback,Gasterosteus aculeatus,NA,None,NA,NA,NA,0.01,Kilograms,Total,2,Total,NA,NA,NA
IYS2022-NW-2-12-CanTrawl,IYS2022-NW-2-12-CanTrawl-8,Aurelia sp.,Aurelia sp.,NA,None,NA,NA,NA,0.133,Kilograms,Total,1,Total,NA,NA,NA
IYS2022-NW-2-13-CanTrawl,IYS2022-NW-2-13-CanTrawl-1,Threespine stickleback,Gasterosteus aculeatus,NA,None,NA,NA,NA,0.005,Kilograms,Total,1,Total,NA,NA,NA
IYS2022-NW-2-13-CanTrawl,IYS2022-NW-2-13-CanTrawl-2,North Pacific Daggertooth,Anotopterus nikparini,NA,None,NA,NA,NA,0.06,Kilograms,Total,2,Total,NA,NA,NA
IYS2022-NW-2-13-CanTrawl,IYS2022-NW-2-13-CanTrawl-3,Pink salmon,Oncorhynchus gorbuscha,NA,Immature,NA,NA,NA,0.67,Kilograms,Total,1,Total,NA,NA,NA
IYS2022-NW-2-13-CanTrawl,IYS2022-NW-2-13-CanTrawl-4,Chum salmon,Oncorhynchus keta,NA,Immature,NA,NA,NA,27.6,Kilograms,Total,26,Total,NA,NA,NA
IYS2022-NW-2-13-CanTrawl,IYS2022-NW-2-13-CanTrawl-5,Sockeye salmon,Oncorhynchus nerka,NA,Immature,NA,NA,NA,7.73,Kilograms,Total,8,Total,NA,NA,NA
IYS2022-NW-2-13-CanTrawl,IYS2022-NW-2-13-CanTrawl-6,Chrysaora melanaster,Chrysaora melanaster,NA,None,NA,NA,NA,3.296,Kilograms,Total,14.767,Total,NA,NA,NA
IYS2022-NW-2-13-CanTrawl,IYS2022-NW-2-13-CanTrawl-7,Phacellophora camtchatica,Phacellophora camtchatica,NA,None,NA,NA,NA,4.92,Kilograms,Total,11.7703,Total,NA,NA,NA
IYS2022-NW-2-13-CanTrawl,IYS2022-NW-2-13-CanTrawl-8,Aequorea sp.,Aequorea sp.,NA,None,NA,NA,NA,3.898,Kilograms,Total,25.2298,Total,NA,NA,NA
IYS2022-NW-2-13-CanTrawl,IYS2022-NW-2-13-CanTrawl-9,Gonatus kamtschaticus,Gonatus kamtschaticus,NA,None,NA,NA,NA,0.043,Kilograms,Total,1,Total,NA,NA,NA
IYS2022-NW-2-13-CanTrawl,IYS2022-NW-2-13-CanTrawl-10,Aequorea sp.,Aequorea sp.,NA,None,NA,NA,NA,0.27,Kilograms,Total,2.4771,Total,NA,NA,NA
IYS2022-NW-2-13-CanTrawl,IYS2022-NW-2-13-CanTrawl-11,Phacellophora camtchatica,Phacellophora camtchatica,NA,None,NA,NA,NA,0.47200000000000003,Kilograms,Total,3,Total,NA,NA,NA
IYS2022-NW-2-13-CanTrawl,IYS2022-NW-2-13-CanTrawl-12,Chrysaora melanaster,Chrysaora melanaster,NA,None,NA,NA,NA,1.302,Kilograms,Total,3,Total,NA,NA,NA
IYS2022-NW-2-13-CanTrawl,IYS2022-NW-2-13-CanTrawl-13,Jellyfish unident.,Scyphozoa (class),NA,None,NA,NA,NA,0.08900000000000001,Kilograms,Total,8,Total,NA,NA,NA
IYS2022-NW-2-13-CanTrawl,IYS2022-NW-2-13-CanTrawl-14,California headlightfish,Diaphus theta,NA,None,NA,NA,NA,0.5025000000000001,Kilograms,Total,79.945,Total,NA,NA,NA
IYS2022-NW-2-13-CanTrawl,IYS2022-NW-2-13-CanTrawl-15,Northern flashlightfish,Protomyctophum thompsoni,NA,None,NA,NA,NA,0.1028,Kilograms,Total,85.6554,Total,NA,NA,NA
IYS2022-NW-2-13-CanTrawl,IYS2022-NW-2-13-CanTrawl-16,Pacific viperfish,Chauliodus macouni,NA,None,NA,NA,NA,0.004,Kilograms,Total,1,Total,NA,NA,NA
IYS2022-NW-2-13-CanTrawl,IYS2022-NW-2-13-CanTrawl-17,Northern lampfish,Stenobrachius leucopsarus,NA,None,NA,NA,NA,1.8673000000000002,Kilograms,Total,531.0634,Total,NA,NA,NA
IYS2022-NW-2-14-CanTrawl,IYS2022-NW-2-14-CanTrawl-1,Phacellophora camtchatica,Phacellophora camtchatica,NA,None,NA,NA,NA,1.444,Kilograms,Total,9.3766,Total,NA,NA,NA
IYS2022-NW-2-14-CanTrawl,IYS2022-NW-2-14-CanTrawl-2,Chum salmon,Oncorhynchus keta,NA,Immature,NA,NA,NA,6.12,Kilograms,Total,8,Total,NA,NA,NA
IYS2022-NW-2-14-CanTrawl,IYS2022-NW-2-14-CanTrawl-3,Sockeye salmon,Oncorhynchus nerka,NA,Immature,NA,NA,NA,13.1,Kilograms,Total,28,Total,NA,NA,1 WASHDOWN ADDED TO COUNT NOT IN SPECIMEN NOSAMPLES TAKEN
IYS2022-NW-2-14-CanTrawl,IYS2022-NW-2-14-CanTrawl-4,Aequorea sp.,Aequorea sp.,NA,None,NA,NA,NA,4.675,Kilograms,Total,43.4884,Total,NA,NA,NA
IYS2022-NW-2-14-CanTrawl,IYS2022-NW-2-14-CanTrawl-5,Aurelia sp.,Aurelia sp.,NA,None,NA,NA,NA,0.088,Kilograms,Total,2,Total,NA,NA,NA
IYS2022-NW-2-15-CanTrawl,IYS2022-NW-2-15-CanTrawl-1,Phacellophora camtchatica,Phacellophora camtchatica,NA,None,NA,NA,NA,1.994,Kilograms,Total,6,Total,NA,NA,NA
IYS2022-NW-2-15-CanTrawl,IYS2022-NW-2-15-CanTrawl-2,Aequorea sp.,Aequorea sp.,NA,None,NA,NA,NA,2.255,Kilograms,Total,13.6667,Total,NA,NA,NA
IYS2022-NW-2-15-CanTrawl,IYS2022-NW-2-15-CanTrawl-3,Chum salmon,Oncorhynchus keta,NA,Immature,NA,NA,NA,15.36,Kilograms,Total,25,Total,NA,NA,NA
IYS2022-NW-2-15-CanTrawl,IYS2022-NW-2-15-CanTrawl-4,Sockeye salmon,Oncorhynchus nerka,NA,Immature,NA,NA,NA,3.11,Kilograms,Total,12,Total,NA,NA,NA
IYS2022-NW-2-16-CanTrawl,IYS2022-NW-2-16-CanTrawl-1,Threespine stickleback,Gasterosteus aculeatus,NA,None,NA,NA,NA,2.664,Kilograms,Total,3330,Total,NA,NA,NA
IYS2022-NW-2-16-CanTrawl,IYS2022-NW-2-16-CanTrawl-2,Coho salmon,Oncorhynchus kisutch,NA,Immature,NA,NA,NA,0.4,Kilograms,Total,1,Total,NA,NA,NA
IYS2022-NW-2-16-CanTrawl,IYS2022-NW-2-16-CanTrawl-3,Pink salmon,Oncorhynchus gorbuscha,NA,Immature,NA,NA,NA,1.28,Kilograms,Total,3,Total,NA,NA,NA
IYS2022-NW-2-16-CanTrawl,IYS2022-NW-2-16-CanTrawl-4,Chum salmon,Oncorhynchus keta,NA,Immature,NA,NA,NA,24.01,Kilograms,Total,36,Total,NA,NA,NA
IYS2022-NW-2-16-CanTrawl,IYS2022-NW-2-16-CanTrawl-5,Sockeye salmon,Oncorhynchus nerka,NA,Immature,NA,NA,NA,9.52,Kilograms,Total,10,Total,NA,NA,NA
IYS2022-NW-2-16-CanTrawl,IYS2022-NW-2-16-CanTrawl-6,Chrysaora melanaster,Chrysaora melanaster,NA,None,NA,NA,NA,3.15,Kilograms,Total,8,Total,NA,NA,NA
IYS2022-NW-2-16-CanTrawl,IYS2022-NW-2-16-CanTrawl-7,Phacellophora camtchatica,Phacellophora camtchatica,NA,None,NA,NA,NA,0.09,Kilograms,Total,1,Total,NA,NA,NA
IYS2022-NW-2-17-CanTrawl,IYS2022-NW-2-17-CanTrawl-1,Chum salmon,Oncorhynchus keta,NA,Immature,NA,NA,NA,39.02,Kilograms,Total,55,Total,NA,NA,NA
IYS2022-NW-2-17-CanTrawl,IYS2022-NW-2-17-CanTrawl-2,Pink salmon,Oncorhynchus gorbuscha,NA,Immature,NA,NA,NA,0.74,Kilograms,Total,2,Total,NA,NA,NA
IYS2022-NW-2-17-CanTrawl,IYS2022-NW-2-17-CanTrawl-3,Sockeye salmon,Oncorhynchus nerka,NA,Immature,NA,NA,NA,16.65,Kilograms,Total,25,Total,NA,NA,NA
IYS2022-NW-2-17-CanTrawl,IYS2022-NW-2-17-CanTrawl-4,Chrysaora melanaster,Chrysaora melanaster,NA,None,NA,NA,NA,0.153,Kilograms,Total,2,Total,NA,NA,NA
IYS2022-NW-2-17-CanTrawl,IYS2022-NW-2-17-CanTrawl-5,Phacellophora camtchatica,Phacellophora camtchatica,NA,None,NA,NA,NA,0.8480000000000001,Kilograms,Total,4,Total,NA,NA,NA
IYS2022-NW-2-17-CanTrawl,IYS2022-NW-2-17-CanTrawl-6,Aurelia sp.,Aurelia sp.,NA,None,NA,NA,NA,0.055999999999999994,Kilograms,Total,1,Total,NA,NA,NA
IYS2022-NW-2-18-CanTrawl,IYS2022-NW-2-18-CanTrawl-1,Chum salmon,Oncorhynchus keta,NA,Immature,NA,NA,NA,59.98,Kilograms,Total,79,Total,NA,NA,2 WASHDOWN NO SAMPLES TAKEN
IYS2022-NW-2-18-CanTrawl,IYS2022-NW-2-18-CanTrawl-2,Pink salmon,Oncorhynchus gorbuscha,NA,Immature,NA,NA,NA,4.3,Kilograms,Total,8,Total,NA,NA,NA
IYS2022-NW-2-18-CanTrawl,IYS2022-NW-2-18-CanTrawl-3,Sockeye salmon,Oncorhynchus nerka,NA,Immature,NA,NA,NA,7.58,Kilograms,Total,9,Total,NA,NA,NA
IYS2022-NW-2-19-CanTrawl,IYS2022-NW-2-19-CanTrawl-1,Chinook salmon,Oncorhynchus tshawytscha,NA,Immature,NA,NA,NA,3.01,Kilograms,Total,2,Total,NA,NA,NA
IYS2022-NW-2-19-CanTrawl,IYS2022-NW-2-19-CanTrawl-2,Coho salmon,Oncorhynchus kisutch,NA,Immature,NA,NA,NA,0.38,Kilograms,Total,1,Total,NA,NA,NA
IYS2022-NW-2-19-CanTrawl,IYS2022-NW-2-19-CanTrawl-3,Pink salmon,Oncorhynchus gorbuscha,NA,Immature,NA,NA,NA,0.5,Kilograms,Total,1,Total,NA,NA,NA
IYS2022-NW-2-19-CanTrawl,IYS2022-NW-2-19-CanTrawl-4,Chum salmon,Oncorhynchus keta,NA,Immature,NA,NA,NA,7.73,Kilograms,Total,5,Total,NA,NA,NA
IYS2022-NW-2-19-CanTrawl,IYS2022-NW-2-19-CanTrawl-5,Aurelia sp.,Aurelia sp.,NA,None,NA,NA,NA,0.16,Kilograms,Total,2,Total,NA,NA,NA
IYS2022-NW-2-19-CanTrawl,IYS2022-NW-2-19-CanTrawl-6,Chrysaora melanaster,Chrysaora melanaster,NA,None,NA,NA,NA,0.20600000000000002,Kilograms,Total,1,Total,NA,NA,NA
IYS2022-NW-2-19-CanTrawl,IYS2022-NW-2-19-CanTrawl-7,Phacellophora camtchatica,Phacellophora camtchatica,NA,None,NA,NA,NA,1.486,Kilograms,Total,2,Total,NA,NA,NA
IYS2022-NW-2-19-CanTrawl,IYS2022-NW-2-19-CanTrawl-8,Aequorea sp.,Aequorea sp.,NA,None,NA,NA,NA,5.922,Kilograms,Total,66.7895,Total,NA,NA,NA
IYS2022-NW-2-19-CanTrawl,IYS2022-NW-2-19-CanTrawl-9,Sockeye salmon,Oncorhynchus nerka,NA,Immature,NA,NA,NA,1.72,Kilograms,Total,5,Total,NA,NA,NA
IYS2022-NW-2-20-CanTrawl,IYS2022-NW-2-20-CanTrawl-1,Chum salmon,Oncorhynchus keta,NA,Immature,NA,NA,NA,21.19,Kilograms,Total,19,Total,NA,NA,NA
IYS2022-NW-2-20-CanTrawl,IYS2022-NW-2-20-CanTrawl-2,Pink salmon,Oncorhynchus gorbuscha,NA,Immature,NA,NA,NA,1.01,Kilograms,Total,1,Total,NA,NA,NA
IYS2022-NW-2-20-CanTrawl,IYS2022-NW-2-20-CanTrawl-3,Coho salmon,Oncorhynchus kisutch,NA,Immature,NA,NA,NA,0.22,Kilograms,Total,1,Total,NA,NA,NA
IYS2022-NW-2-20-CanTrawl,IYS2022-NW-2-20-CanTrawl-4,Sockeye salmon,Oncorhynchus nerka,NA,Immature,NA,NA,NA,41.1,Kilograms,Total,36,Total,NA,NA,NA
IYS2022-NW-2-20-CanTrawl,IYS2022-NW-2-20-CanTrawl-5,Chrysaora melanaster,Chrysaora melanaster,NA,None,NA,NA,NA,1.015,Kilograms,Total,7,Total,NA,NA,NA
IYS2022-NW-2-20-CanTrawl,IYS2022-NW-2-20-CanTrawl-6,Aequorea sp.,Aequorea sp.,NA,None,NA,NA,NA,1.944,Kilograms,Total,10.5652,Total,NA,NA,NA
IYS2022-NW-2-20-CanTrawl,IYS2022-NW-2-20-CanTrawl-7,Aurelia sp.,Aurelia sp.,NA,None,NA,NA,NA,0.261,Kilograms,Total,1,Total,NA,NA,NA
IYS2022-NW-2-21-CanTrawl,IYS2022-NW-2-21-CanTrawl-1,Sockeye salmon,Oncorhynchus nerka,NA,Immature,NA,NA,NA,4.62,Kilograms,Total,3,Total,NA,NA,NA
IYS2022-NW-2-21-CanTrawl,IYS2022-NW-2-21-CanTrawl-2,Chum salmon,Oncorhynchus keta,NA,Immature,NA,NA,NA,3.51,Kilograms,Total,2,Total,NA,NA,NA
IYS2022-NW-2-21-CanTrawl,IYS2022-NW-2-21-CanTrawl-3,Brokenline lampfish,Lampanyctus jordani,NA,None,NA,NA,NA,0.024,Kilograms,Total,1,Total,NA,NA,NA
IYS2022-NW-2-21-CanTrawl,IYS2022-NW-2-21-CanTrawl-4,Chrysaora melanaster,Chrysaora melanaster,NA,None,NA,NA,NA,0.171,Kilograms,Total,4,Total,NA,NA,NA
IYS2022-NW-2-21-CanTrawl,IYS2022-NW-2-21-CanTrawl-5,Minimal armhook squid,Berryteuthis anonychus,NA,None,NA,NA,NA,0.09300000000000001,Kilograms,Total,8,Total,NA,NA,NA
IYS2022-NW-2-21-CanTrawl,IYS2022-NW-2-21-CanTrawl-6,Gonatus kamtschaticus,Gonatus kamtschaticus,NA,None,NA,NA,NA,0.252,Kilograms,Total,2,Total,NA,NA,NA
IYS2022-NW-2-21-CanTrawl,IYS2022-NW-2-21-CanTrawl-7,Hormiphora sp.,Hormiphora sp.,NA,None,NA,NA,NA,0.018,Kilograms,Total,1,Total,NA,NA,NA
IYS2022-NW-2-21-CanTrawl,IYS2022-NW-2-21-CanTrawl-8,Aurelia sp.,Aurelia sp.,NA,None,NA,NA,NA,0.087,Kilograms,Total,1,Total,NA,NA,NA
IYS2022-NW-2-22-CanTrawl,IYS2022-NW-2-22-CanTrawl-1,Threespine stickleback,Gasterosteus aculeatus,NA,None,NA,NA,NA,0.004,Kilograms,Total,1,Total,NA,NA,NA
IYS2022-NW-2-22-CanTrawl,IYS2022-NW-2-22-CanTrawl-2,Gonatus kamtschaticus,Gonatus kamtschaticus,NA,None,NA,NA,NA,0.14800000000000002,Kilograms,Total,2,Total,NA,NA,NA
IYS2022-NW-2-22-CanTrawl,IYS2022-NW-2-22-CanTrawl-3,Sockeye salmon,Oncorhynchus nerka,NA,Immature,NA,NA,NA,4.85,Kilograms,Total,2,Total,NA,NA,NA
IYS2022-NW-2-22-CanTrawl,IYS2022-NW-2-22-CanTrawl-4,Chum salmon,Oncorhynchus keta,NA,Immature,NA,NA,NA,95.59,Kilograms,Total,48,Total,NA,NA,NA
IYS2022-NW-2-22-CanTrawl,IYS2022-NW-2-22-CanTrawl-5,North Pacific Daggertooth,Anotopterus nikparini,NA,None,NA,NA,NA,0.535,Kilograms,Total,1,Total,NA,NA,NA
IYS2022-NW-2-22-CanTrawl,IYS2022-NW-2-22-CanTrawl-6,Minimal armhook squid,Berryteuthis anonychus,NA,None,NA,NA,NA,67.409,Kilograms,Total,3441.3003,Total,NA,NA,NA
IYS2022-NW-2-13-CanTrawl,IYS2022-NW-2-13-CanTrawl-18,Salps unident.,Salpidae,NA,None,NA,NA,NA,0.438,Kilograms,Total,44,Total,NA,NA,NA
